loan_id,customer_id,loan_amount,interest_rate,issue_date,loan_status,annual_income,employment_length,scheduled_payment_date,actual_payment_date,amount_due,amount_paid
LN000001,10001,46905,8.0,2024-01-30,Current,83513,1 year,2025-01-24,2025-01-23,1370.62,1112.04
LN000002,10002,10697,16.63,2022-02-02,Current,82314,1 year,2022-10-30,2022-10-28,1159.22,973.49
LN000003,10003,40713,13.55,2023-04-05,In Grace Period,26703,1 year,2024-03-30,2024-04-03,486.58,708.3
LN000004,10004,27059,7.84,2023-01-25,Current,115165,5 years,2023-06-24,2023-06-22,943.47,1175.68
LN000005,10005,29807,7.42,2022-10-28,Fully Paid,119800,5 years,2023-02-25,2023-02-24,573.48,354.99
LN000006,10006,23965,23.73,2024-05-25,Current,51476,3 years,2024-10-22,2024-10-27,737.8,1062.82
LN000007,10007,29260,12.39,2023-11-18,Current,43717,5 years,2024-10-13,2024-10-13,593.77,940.97
LN000008,10008,35294,12.83,2023-10-18,Late,82570,10+ years,2024-04-15,2024-04-27,338.52,306.14
LN000009,10009,25673,13.22,2022-03-09,Current,173682,10+ years,2022-09-05,2022-09-06,774.76,1086.53
LN000010,10010,47129,14.26,2022-09-29,Current,172159,5 years,2023-02-26,2023-03-02,779.28,1377.39
LN000011,10011,19373,23.95,2022-05-22,In Grace Period,48831,<1 year,2022-07-21,2022-07-21,1250.5,1052.94
LN000012,10012,32666,16.74,2023-01-30,Current,147696,5 years,2023-06-29,2023-06-27,437.46,1116.34
LN000013,10013,40190,19.52,2024-02-27,Late,54242,2 years,2024-09-24,2024-10-19,1444.58,508.35
LN000014,10014,22261,23.49,2024-02-20,Current,52894,10+ years,2024-07-19,2024-07-20,1215.01,483.41
LN000015,10015,40348,23.16,2023-06-28,Fully Paid,109975,3 years,2023-07-28,2023-07-27,1354.47,1414.92
LN000016,10016,25153,10.31,2022-09-04,Fully Paid,45645,<1 year,2023-08-30,2023-09-04,1473.58,1279.23
LN000017,10017,39911,19.79,2022-05-12,Late,169127,1 year,2022-10-09,2022-12-20,807.77,885.19
LN000018,10018,18880,22.72,2024-02-13,Late,77730,10+ years,2024-07-12,2024-09-06,1079.85,995.63
LN000019,10019,33711,22.19,2023-04-08,Current,83903,<1 year,2023-10-05,2023-10-03,576.14,1005.97
LN000020,10020,19432,6.13,2023-12-26,Late,85015,<1 year,2024-01-25,2024-03-12,585.61,163.77
LN000021,10021,48842,14.74,2023-07-07,Current,174695,5 years,2024-03-03,2024-03-04,1269.0,1241.54
LN000022,10022,17478,7.7,2023-11-06,Current,136038,3 years,2024-07-03,2024-07-01,1481.0,1108.04
LN000023,10023,11449,7.09,2024-01-16,Current,53644,1 year,2024-05-15,2024-05-16,468.22,943.54
LN000024,10024,17025,11.01,2022-09-13,Fully Paid,44761,3 years,2023-06-10,2023-06-09,1499.14,360.71
LN000025,10025,5967,23.44,2024-02-11,Fully Paid,68597,3 years,2024-10-08,2024-10-13,781.25,556.5
LN000026,10026,8842,8.96,2022-01-03,Fully Paid,94521,3 years,2022-06-02,2022-06-06,1176.61,1135.91
LN000027,10027,41422,17.91,2023-05-14,Current,102780,1 year,2023-06-13,2023-06-11,368.6,1197.57
LN000028,10028,43284,14.58,2024-05-23,In Grace Period,39910,5 years,2024-07-22,2024-07-22,381.55,382.23
LN000029,10029,20414,13.27,2023-08-07,Current,35418,5 years,2023-10-06,2023-10-10,978.27,1088.85
LN000030,10030,25733,22.82,2022-07-29,Late,107361,1 year,2022-12-26,2023-02-19,1074.6,217.79
LN000031,10031,34964,11.69,2024-02-09,Fully Paid,27441,3 years,2024-12-05,2024-12-04,555.79,387.91
LN000032,10032,22380,8.38,2022-12-24,Fully Paid,89037,2 years,2023-05-23,2023-05-23,951.86,825.82
LN000033,10033,24825,17.01,2024-04-06,Late,27050,10+ years,2025-01-01,2025-02-13,424.3,938.58
LN000034,10034,13800,10.76,2022-04-20,Late,65749,2 years,2022-09-17,2022-12-08,711.46,289.57
LN000035,10035,46565,21.35,2023-06-02,Current,38316,<1 year,2024-04-27,2024-05-01,352.9,1295.22
LN000036,10036,26859,19.88,2023-10-15,Fully Paid,67357,10+ years,2024-06-11,2024-06-15,434.25,973.09
LN000037,10037,14768,15.82,2024-05-04,Current,169841,1 year,2024-11-30,2024-11-30,737.58,350.19
LN000038,10038,7614,22.18,2022-08-04,Late,51946,2 years,2023-05-01,2023-06-27,1199.37,976.45
LN000039,10039,20514,21.56,2024-03-30,Fully Paid,133080,<1 year,2024-06-28,2024-07-01,794.06,1238.86
LN000040,10040,48903,21.55,2024-04-10,Current,66732,10+ years,2024-06-09,2024-06-13,1330.31,1346.6
LN000041,10041,19577,9.59,2023-04-17,Current,84662,1 year,2023-05-17,2023-05-18,634.32,778.16
LN000042,10042,9549,23.4,2022-10-13,Current,158537,3 years,2023-09-08,2023-09-11,438.41,1427.08
LN000043,10043,22118,9.21,2022-09-29,Current,138918,2 years,2023-09-24,2023-09-27,1481.08,823.67
LN000044,10044,12578,12.93,2023-08-14,Current,36635,10+ years,2024-03-11,2024-03-09,1267.81,923.9
LN000045,10045,48950,9.55,2023-03-18,Current,111559,5 years,2023-09-14,2023-09-13,660.39,1163.71
LN000046,10046,25269,18.0,2022-12-01,Current,102504,5 years,2023-03-01,2023-03-02,1428.44,804.54
LN000047,10047,49388,19.47,2022-06-28,Late,103892,3 years,2023-03-25,2023-03-30,552.22,373.49
LN000048,10048,43009,16.92,2022-11-26,Current,140909,10+ years,2023-03-26,2023-03-31,1451.8,1252.48
LN000049,10049,16120,17.86,2022-10-18,In Grace Period,112867,<1 year,2023-02-15,2023-02-17,538.96,569.57
LN000050,10050,6600,6.83,2023-05-02,Late,44091,3 years,2023-11-28,2024-02-21,1162.02,618.1
LN000051,10051,30164,14.9,2022-09-07,Current,26453,<1 year,2023-04-05,2023-04-06,1449.56,511.06
LN000052,10052,38944,14.36,2023-07-25,Current,56813,3 years,2023-10-23,2023-10-28,1485.47,1101.09
LN000053,10053,44023,11.71,2024-02-13,Fully Paid,157324,3 years,2024-11-09,2024-11-14,1192.39,1376.65
LN000054,10054,36108,14.1,2024-02-09,Current,97695,5 years,2024-10-06,2024-10-07,392.98,629.52
LN000055,10055,23725,10.22,2022-12-10,Current,166597,<1 year,2023-03-10,2023-03-10,1132.74,577.51
LN000056,10056,19021,7.16,2023-02-22,Current,147139,3 years,2023-03-24,2023-03-25,767.37,1299.47
LN000057,10057,43278,23.03,2022-01-21,Fully Paid,175913,3 years,2022-09-18,2022-09-16,658.34,1431.29
LN000058,10058,30558,21.36,2024-05-05,Current,168165,5 years,2024-09-02,2024-09-07,823.0,563.31
LN000059,10059,6902,13.0,2023-11-16,Late,130989,10+ years,2024-02-14,2024-04-18,1476.87,927.59
LN000060,10060,40004,6.49,2023-02-08,In Grace Period,32104,<1 year,2024-01-04,2024-01-08,854.04,462.84
LN000061,10061,8295,10.68,2022-12-02,Current,110680,2 years,2023-06-30,2023-07-02,1298.31,1202.41
LN000062,10062,21532,21.03,2023-04-27,Current,166405,<1 year,2023-10-24,2023-10-25,1237.48,1080.17
LN000063,10063,47713,6.72,2022-02-01,Fully Paid,77261,<1 year,2022-11-28,2022-11-28,868.27,586.25
LN000064,10064,12496,16.15,2022-08-12,Current,92172,2 years,2022-11-10,2022-11-09,496.52,1233.35
LN000065,10065,25384,7.95,2022-01-27,Fully Paid,175941,10+ years,2022-08-25,2022-08-29,538.0,1429.76
LN000066,10066,43803,18.43,2023-10-05,Current,104058,10+ years,2024-07-31,2024-07-30,979.12,1255.47
LN000067,10067,7691,12.25,2023-03-15,Late,43076,5 years,2024-02-08,2024-03-27,804.07,111.39
LN000068,10068,37125,7.9,2023-01-06,Late,145517,10+ years,2023-04-06,2023-06-05,926.1,258.52
LN000069,10069,47628,10.86,2024-04-07,Fully Paid,151745,3 years,2024-11-03,2024-11-05,594.59,686.77
LN000070,10070,10679,11.02,2023-04-07,Current,146820,5 years,2024-02-01,2024-02-05,893.17,703.68
LN000071,10071,26300,9.27,2022-08-06,Current,92725,2 years,2023-01-03,2023-01-05,919.95,966.95
LN000072,10072,17521,7.54,2024-01-08,Current,170536,1 year,2025-01-02,2025-01-07,888.99,1075.08
LN000073,10073,6130,7.67,2022-08-15,Current,88780,2 years,2023-07-11,2023-07-14,937.11,867.91
LN000074,10074,32885,23.94,2023-07-18,Current,143946,2 years,2023-12-15,2023-12-17,1165.54,576.65
LN000075,10075,25679,8.15,2023-07-03,Fully Paid,73535,1 year,2023-10-31,2023-11-05,1007.5,631.8
LN000076,10076,39382,16.74,2022-04-13,Fully Paid,102659,1 year,2022-10-10,2022-10-10,1149.62,662.72
LN000077,10077,13295,10.94,2022-02-25,In Grace Period,58103,10+ years,2022-10-23,2022-10-22,988.88,1347.26
LN000078,10078,35762,14.62,2022-12-15,Current,38468,2 years,2023-08-12,2023-08-11,780.85,1286.54
LN000079,10079,9855,16.39,2023-12-04,Current,64111,5 years,2024-05-02,2024-05-01,442.14,1492.7
LN000080,10080,32274,16.91,2024-03-20,Late,161989,3 years,2024-11-15,2025-01-15,1006.23,367.62
LN000081,10081,33103,11.5,2023-09-28,Current,51013,1 year,2024-08-23,2024-08-24,397.42,617.58
LN000082,10082,20719,9.13,2022-03-18,Current,132090,3 years,2023-03-13,2023-03-18,577.77,649.51
LN000083,10083,23528,18.65,2023-04-10,Current,86190,2 years,2024-03-05,2024-03-06,953.47,810.17
LN000084,10084,47443,8.68,2022-09-30,Fully Paid,43719,<1 year,2022-12-29,2022-12-31,1289.09,1014.05
LN000085,10085,23914,13.9,2023-04-25,Late,130515,2 years,2024-01-20,2024-04-03,396.53,544.42
LN000086,10086,7612,22.01,2024-01-23,Current,90632,<1 year,2024-03-23,2024-03-24,1303.15,1454.29
LN000087,10087,42696,16.57,2022-01-22,Fully Paid,95650,5 years,2022-02-21,2022-02-21,1081.81,864.6
LN000088,10088,23229,9.27,2023-08-23,Current,153902,<1 year,2024-04-19,2024-04-22,685.27,790.02
LN000089,10089,11855,21.44,2022-12-04,Current,154884,2 years,2023-10-30,2023-11-03,960.12,1276.28
LN000090,10090,34807,7.59,2022-09-16,Current,130952,5 years,2022-10-16,2022-10-21,525.1,795.9
LN000091,10091,28709,17.21,2023-05-26,Late,38529,1 year,2023-10-23,2024-01-06,645.63,217.91
LN000092,10092,36766,8.19,2023-10-08,Late,87730,10+ years,2024-01-06,2024-02-19,962.7,595.76
LN000093,10093,11108,10.04,2024-05-11,Fully Paid,145965,<1 year,2025-04-06,2025-04-06,1159.92,898.05
LN000094,10094,38349,18.7,2023-03-02,Fully Paid,148789,1 year,2023-10-28,2023-10-28,1406.24,760.3
LN000095,10095,38308,19.43,2022-05-20,Fully Paid,97416,3 years,2022-11-16,2022-11-18,639.41,1284.66
LN000096,10096,24566,21.07,2023-08-17,Fully Paid,153356,1 year,2024-04-13,2024-04-18,962.3,714.15
LN000097,10097,40614,12.79,2022-11-26,Fully Paid,87601,5 years,2023-06-24,2023-06-25,792.93,1327.22
LN000098,10098,25852,19.4,2023-12-24,Fully Paid,124937,3 years,2024-11-18,2024-11-18,344.42,894.39
LN000099,10099,37918,23.38,2022-12-06,Fully Paid,140423,<1 year,2023-09-02,2023-09-07,472.99,318.42
LN000100,10100,47911,23.46,2022-03-18,Current,94474,2 years,2023-01-12,2023-01-16,1322.12,1079.8
LN000101,10101,49194,21.47,2023-01-25,Fully Paid,152912,5 years,2023-02-24,2023-02-23,1121.28,581.72
LN000102,10102,23833,23.95,2024-02-04,Current,50806,10+ years,2025-01-29,2025-01-28,1132.8,832.41
LN000103,10103,6897,6.83,2024-03-26,Current,118969,2 years,2024-10-22,2024-10-22,794.46,593.04
LN000104,10104,49682,20.27,2022-06-24,Current,125281,5 years,2023-05-20,2023-05-21,999.79,897.2
LN000105,10105,20216,14.3,2022-09-18,Current,27463,3 years,2023-02-15,2023-02-15,1434.28,388.63
LN000106,10106,43507,11.38,2023-03-11,Late,144756,2 years,2023-07-09,2023-09-01,427.98,868.0
LN000107,10107,29993,16.29,2023-08-12,Current,102392,<1 year,2024-07-07,2024-07-11,979.11,629.38
LN000108,10108,49944,20.01,2022-02-20,Fully Paid,155214,2 years,2022-06-20,2022-06-23,528.16,562.81
LN000109,10109,21425,18.2,2024-01-09,Default,60855,10+ years,2024-03-09,,1384.08,0
LN000110,10110,47358,6.71,2024-03-18,Current,176931,2 years,2025-03-13,2025-03-13,654.13,408.16
LN000111,10111,32230,9.16,2022-05-16,Default,120907,5 years,2023-02-10,,1396.18,0
LN000112,10112,15783,10.63,2024-04-24,Fully Paid,102369,10+ years,2024-10-21,2024-10-20,390.36,862.0
LN000113,10113,19785,21.48,2024-01-12,Late,129179,5 years,2024-07-10,2024-07-26,316.7,811.61
LN000114,10114,40164,8.22,2023-01-13,Late,93724,5 years,2023-08-11,2023-11-05,430.02,946.26
LN000115,10115,20323,14.49,2023-09-27,Fully Paid,172169,2 years,2024-07-23,2024-07-24,1062.48,1077.18
LN000116,10116,35426,22.37,2022-11-06,Late,55585,1 year,2022-12-06,2022-12-15,891.15,373.93
LN000117,10117,11369,10.23,2023-07-05,Current,143919,2 years,2024-05-30,2024-06-03,1171.92,1004.81
LN000118,10118,32189,17.79,2024-05-03,Current,131985,2 years,2024-06-02,2024-06-05,833.64,560.72
LN000119,10119,20473,21.4,2022-04-12,Fully Paid,121294,5 years,2023-03-08,2023-03-11,631.06,372.66
LN000120,10120,13005,23.08,2024-04-23,Current,80602,10+ years,2025-03-19,2025-03-17,700.21,360.69
LN000121,10121,13252,20.17,2022-07-30,Current,170282,1 year,2023-05-26,2023-05-27,579.6,1275.66
LN000122,10122,14670,20.2,2023-09-03,Current,62929,1 year,2024-05-30,2024-06-01,431.91,1258.22
LN000123,10123,6689,8.37,2023-01-02,Default,87372,5 years,2023-07-01,,318.94,0
LN000124,10124,22391,6.94,2024-01-30,Current,54792,10+ years,2024-03-30,2024-04-04,734.45,837.93
LN000125,10125,43906,7.96,2023-05-31,Current,36367,10+ years,2024-04-25,2024-04-27,1456.83,849.65
LN000126,10126,8986,23.97,2024-05-17,Current,53301,3 years,2025-05-12,2025-05-17,396.95,388.19
LN000127,10127,44865,8.67,2022-05-10,Current,178449,5 years,2023-05-05,2023-05-08,1016.87,757.09
LN000128,10128,24326,14.17,2023-09-12,Current,54992,10+ years,2024-08-07,2024-08-08,1365.71,816.08
LN000129,10129,32119,12.1,2023-04-10,Current,49926,2 years,2023-11-06,2023-11-09,749.16,1098.13
LN000130,10130,15003,18.36,2023-05-01,Current,47377,<1 year,2023-11-27,2023-11-26,747.18,1193.51
LN000131,10131,13527,16.01,2023-08-24,Fully Paid,172241,2 years,2024-07-19,2024-07-18,1348.33,792.97
LN000132,10132,32717,21.63,2024-01-09,Current,100400,5 years,2024-06-07,2024-06-10,908.9,424.32
LN000133,10133,15140,17.82,2022-08-18,Fully Paid,116780,5 years,2023-02-14,2023-02-13,988.92,1215.13
LN000134,10134,33122,21.21,2024-02-25,Fully Paid,170945,<1 year,2024-12-21,2024-12-23,627.92,334.74
LN000135,10135,25249,22.59,2022-12-26,Current,62552,5 years,2023-11-21,2023-11-25,1189.16,383.5
LN000136,10136,7009,7.65,2023-06-28,Current,135056,3 years,2023-12-25,2023-12-25,1165.92,744.06
LN000137,10137,42197,16.73,2022-02-23,Current,38044,10+ years,2022-04-24,2022-04-26,808.82,831.74
LN000138,10138,44785,13.96,2022-10-07,Current,159308,<1 year,2023-04-05,2023-04-09,1113.86,433.07
LN000139,10139,43871,14.76,2023-11-15,Current,82807,3 years,2024-09-10,2024-09-08,661.7,309.22
LN000140,10140,18843,19.81,2024-02-22,Current,111015,<1 year,2024-03-23,2024-03-28,510.83,1196.42
LN000141,10141,29917,15.59,2022-08-24,In Grace Period,117842,<1 year,2023-03-22,2023-03-20,851.71,823.46
LN000142,10142,10102,21.52,2023-08-13,Current,131017,10+ years,2024-07-08,2024-07-12,786.04,647.42
LN000143,10143,26284,9.09,2023-09-25,Current,119857,<1 year,2024-04-22,2024-04-21,1006.65,591.98
LN000144,10144,39338,7.42,2024-06-10,Current,114001,1 year,2024-12-07,2024-12-07,1059.87,391.66
LN000145,10145,39773,15.18,2024-03-05,Current,63716,1 year,2024-05-04,2024-05-04,508.2,607.16
LN000146,10146,15018,19.68,2023-11-03,Current,154529,3 years,2024-08-29,2024-09-03,1358.46,1117.36
LN000147,10147,47139,17.44,2023-10-02,Current,107873,1 year,2024-05-29,2024-05-28,1057.66,862.71
LN000148,10148,23001,16.65,2022-12-27,In Grace Period,106371,3 years,2023-08-24,2023-08-22,1298.04,368.27
LN000149,10149,10028,17.6,2024-05-25,Current,157924,3 years,2025-01-20,2025-01-18,1271.78,839.68
LN000150,10150,47718,9.39,2023-09-12,Current,64547,<1 year,2024-05-09,2024-05-08,1304.85,1273.16
LN000151,10151,10526,15.08,2022-06-26,Current,139755,3 years,2023-03-23,2023-03-23,1401.52,736.68
LN000152,10152,30389,13.36,2022-12-13,Late,38727,10+ years,2023-11-08,2023-12-25,413.41,159.32
LN000153,10153,49458,12.96,2022-09-16,Late,64419,2 years,2022-11-15,2023-02-02,1400.1,697.25
LN000154,10154,25331,23.42,2023-12-17,Late,58803,5 years,2024-12-11,2024-12-26,752.02,378.62
LN000155,10155,26527,20.64,2023-11-18,Late,162990,<1 year,2024-10-13,2025-01-11,734.19,481.07
LN000156,10156,28763,11.56,2022-08-08,Current,152473,1 year,2022-12-06,2022-12-06,654.95,485.93
LN000157,10157,11628,15.14,2023-07-07,Fully Paid,163027,<1 year,2024-06-01,2024-06-04,1041.64,1351.67
LN000158,10158,44141,12.78,2022-06-16,Current,68395,10+ years,2023-02-11,2023-02-09,1111.64,793.03
LN000159,10159,20566,23.45,2023-09-18,Current,142683,1 year,2024-06-14,2024-06-15,1270.35,671.36
LN000160,10160,35737,22.27,2022-07-18,Current,174532,3 years,2023-03-15,2023-03-17,903.49,1233.75
LN000161,10161,32437,23.39,2024-04-16,Current,61280,2 years,2024-05-16,2024-05-21,965.45,1348.94
LN000162,10162,11723,18.81,2023-06-13,Fully Paid,99727,<1 year,2023-09-11,2023-09-13,916.02,839.18
LN000163,10163,33670,7.65,2022-08-16,Fully Paid,116641,<1 year,2023-03-14,2023-03-12,748.75,775.74
LN000164,10164,30307,23.9,2023-01-19,Current,108541,<1 year,2024-01-14,2024-01-17,465.12,1249.66
LN000165,10165,23800,22.51,2023-04-29,Late,61383,10+ years,2023-12-25,2024-02-25,1387.03,653.81
LN000166,10166,6245,10.61,2024-05-05,Current,163352,3 years,2024-07-04,2024-07-06,446.22,585.17
LN000167,10167,20626,13.56,2024-03-23,Late,41464,<1 year,2024-11-18,2025-02-07,1058.35,582.45
LN000168,10168,42686,10.35,2022-05-28,Current,25410,5 years,2022-11-24,2022-11-25,524.78,984.8
LN000169,10169,48792,7.54,2023-01-05,Current,162903,5 years,2023-10-02,2023-09-30,864.16,768.54
LN000170,10170,46659,12.96,2023-01-18,Current,29257,2 years,2023-03-19,2023-03-22,1088.53,589.35
LN000171,10171,11793,19.89,2024-01-23,Default,59972,<1 year,2024-07-21,,955.22,0
LN000172,10172,47126,9.15,2024-03-08,Late,150444,10+ years,2024-06-06,2024-06-28,1231.43,156.79
LN000173,10173,34994,6.67,2022-07-26,Current,77289,<1 year,2023-01-22,2023-01-24,1486.95,918.46
LN000174,10174,40588,14.52,2022-02-07,Default,75096,2 years,2022-08-06,,1334.57,0
LN000175,10175,8132,21.58,2022-12-06,Current,121474,3 years,2023-07-04,2023-07-09,763.97,1373.56
LN000176,10176,17243,14.93,2023-05-25,Current,161125,2 years,2023-07-24,2023-07-28,1022.94,394.71
LN000177,10177,16826,15.82,2022-11-25,Current,110962,10+ years,2023-04-24,2023-04-26,1161.2,835.1
LN000178,10178,15921,18.42,2022-12-26,Current,117421,5 years,2023-07-24,2023-07-26,1249.77,1067.36
LN000179,10179,8759,7.35,2023-10-15,Current,159502,10+ years,2024-09-09,2024-09-09,471.34,1443.35
LN000180,10180,44817,18.21,2023-03-25,Current,42624,1 year,2024-02-18,2024-02-21,1439.36,734.58
LN000181,10181,7122,16.89,2023-11-27,Current,122246,2 years,2024-07-24,2024-07-23,935.35,988.71
LN000182,10182,31085,11.66,2022-10-13,Current,54739,<1 year,2023-10-08,2023-10-08,764.38,898.85
LN000183,10183,41809,8.12,2024-03-04,Current,141987,1 year,2024-12-29,2024-12-31,1498.35,1132.78
LN000184,10184,18118,8.21,2024-05-23,Current,70260,10+ years,2025-01-18,2025-01-17,1461.07,1272.62
LN000185,10185,25944,18.02,2023-12-28,Current,167126,2 years,2024-05-26,2024-05-26,1412.79,1154.17
LN000186,10186,46792,9.13,2023-01-06,In Grace Period,56814,1 year,2023-04-06,2023-04-07,331.54,1248.45
LN000187,10187,41308,16.3,2023-04-24,Fully Paid,169610,1 year,2024-02-18,2024-02-17,777.79,378.9
LN000188,10188,36369,15.46,2024-02-27,Current,175706,<1 year,2024-05-27,2024-05-30,839.97,1070.81
LN000189,10189,49571,15.31,2022-05-12,Fully Paid,169520,10+ years,2023-03-08,2023-03-08,454.84,1221.34
LN000190,10190,37955,22.39,2022-02-26,Fully Paid,160817,1 year,2022-07-26,2022-07-26,1421.69,494.36
LN000191,10191,19776,12.23,2023-06-16,Fully Paid,45672,2 years,2023-10-14,2023-10-16,663.39,450.2
LN000192,10192,39962,7.68,2023-10-19,Current,177212,1 year,2024-01-17,2024-01-20,976.34,1311.04
LN000193,10193,6859,7.46,2023-10-19,Default,94377,10+ years,2024-02-16,,1220.35,0
LN000194,10194,32301,17.13,2022-02-01,Current,168019,2 years,2022-12-28,2022-12-30,1265.63,879.53
LN000195,10195,49891,13.31,2023-04-10,Current,40705,1 year,2023-12-06,2023-12-10,544.83,881.1
LN000196,10196,44758,8.59,2024-06-01,Late,115536,3 years,2024-08-30,2024-10-21,427.42,563.48
LN000197,10197,20842,14.4,2022-10-01,Current,61930,<1 year,2022-10-31,2022-11-02,1337.0,1434.46
LN000198,10198,32402,10.47,2024-06-05,Fully Paid,110835,5 years,2025-05-31,2025-06-03,491.21,527.8
LN000199,10199,38733,14.4,2024-06-19,Current,31075,<1 year,2025-01-15,2025-01-20,558.17,1460.02
LN000200,10200,28127,6.88,2022-10-16,Current,148361,2 years,2023-07-13,2023-07-11,817.11,1316.61
LN000201,10201,22332,19.1,2024-02-22,Current,36860,3 years,2024-03-23,2024-03-24,646.32,735.03
LN000202,10202,30319,15.08,2024-02-22,In Grace Period,56145,1 year,2024-04-22,2024-04-26,1484.15,747.84
LN000203,10203,41558,22.9,2024-02-13,Current,158463,3 years,2024-11-09,2024-11-07,464.44,354.36
LN000204,10204,26826,20.47,2023-06-16,Current,160136,1 year,2023-12-13,2023-12-16,1488.74,495.0
LN000205,10205,24610,16.69,2023-06-04,Fully Paid,164549,3 years,2024-05-29,2024-05-31,319.96,869.87
LN000206,10206,26708,18.13,2023-03-03,In Grace Period,31985,5 years,2023-10-29,2023-10-31,1239.48,1460.48
LN000207,10207,42910,16.4,2024-01-09,Current,150946,1 year,2024-10-05,2024-10-09,1116.87,477.33
LN000208,10208,7069,16.31,2023-12-19,Current,29964,3 years,2024-06-16,2024-06-20,1128.6,481.72
LN000209,10209,31894,15.03,2023-09-19,Fully Paid,41326,10+ years,2023-12-18,2023-12-19,1497.75,973.06
LN000210,10210,36350,15.46,2022-11-18,Fully Paid,145498,5 years,2023-05-17,2023-05-20,1341.19,1111.04
LN000211,10211,49613,17.58,2023-12-11,Current,151924,1 year,2024-04-09,2024-04-11,569.84,969.7
LN000212,10212,24504,19.88,2023-12-23,Current,153189,2 years,2024-08-19,2024-08-22,1421.38,972.59
LN000213,10213,22921,11.18,2023-08-11,Late,124534,3 years,2024-02-07,2024-03-01,645.16,361.41
LN000214,10214,10179,12.23,2023-03-29,Late,150587,1 year,2023-07-27,2023-10-08,974.42,344.02
LN000215,10215,22800,8.47,2023-09-23,Late,87726,1 year,2023-10-23,2024-01-21,570.81,914.67
LN000216,10216,20259,6.94,2023-02-28,Current,148837,<1 year,2024-01-24,2024-01-24,960.42,306.22
LN000217,10217,15350,13.32,2024-06-18,Current,77286,2 years,2024-12-15,2024-12-17,1389.52,1075.08
LN000218,10218,10862,17.74,2022-08-26,In Grace Period,34777,1 year,2023-03-24,2023-03-24,343.61,1420.71
LN000219,10219,31017,20.18,2022-07-10,Fully Paid,100882,<1 year,2022-08-09,2022-08-11,428.76,981.55
LN000220,10220,26957,11.12,2023-10-19,In Grace Period,154476,1 year,2024-07-15,2024-07-20,1270.58,627.4
LN000221,10221,26671,8.92,2023-04-15,Late,73810,<1 year,2024-04-09,2024-05-27,981.34,811.69
LN000222,10222,17659,9.16,2024-05-26,Late,131296,3 years,2025-02-20,2025-04-07,1103.11,178.06
LN000223,10223,17109,23.67,2023-05-04,Current,90024,<1 year,2023-10-01,2023-10-05,1204.51,582.63
LN000224,10224,26602,11.44,2024-01-11,In Grace Period,93564,10+ years,2024-07-09,2024-07-10,441.87,374.55
LN000225,10225,25106,8.87,2023-12-04,In Grace Period,106521,10+ years,2024-02-02,2024-02-04,565.02,741.05
LN000226,10226,13753,14.61,2023-04-11,Late,122943,3 years,2024-04-05,2024-06-19,1208.82,921.52
LN000227,10227,48522,20.86,2024-02-20,Current,46461,5 years,2024-10-17,2024-10-20,977.0,393.72
LN000228,10228,9047,20.92,2023-06-02,Current,165682,1 year,2023-08-31,2023-09-03,830.21,1325.38
LN000229,10229,49583,9.7,2023-08-21,Current,158791,3 years,2023-09-20,2023-09-25,798.51,458.33
LN000230,10230,41956,7.04,2023-04-19,Late,105784,10+ years,2023-05-19,2023-07-13,303.62,329.01
LN000231,10231,19280,16.41,2022-02-16,Current,41714,5 years,2022-03-18,2022-03-17,866.49,1483.36
LN000232,10232,23814,13.36,2024-02-27,Current,135195,2 years,2024-09-24,2024-09-29,1388.12,1343.54
LN000233,10233,29618,7.44,2023-11-09,Fully Paid,59862,10+ years,2024-05-07,2024-05-06,944.71,514.17
LN000234,10234,39658,8.29,2022-08-17,Fully Paid,30959,2 years,2023-04-14,2023-04-18,1288.03,938.32
LN000235,10235,21220,14.29,2022-06-08,Current,54581,<1 year,2023-05-04,2023-05-08,1423.49,1037.91
LN000236,10236,6025,10.33,2022-03-10,Current,33801,3 years,2023-01-04,2023-01-02,353.08,593.68
LN000237,10237,33767,10.22,2022-08-11,Default,39796,1 year,2023-05-08,,1492.18,0
LN000238,10238,20346,20.68,2024-01-20,In Grace Period,176381,5 years,2024-12-15,2024-12-18,1351.51,584.28
LN000239,10239,48267,15.38,2023-02-28,Current,40979,5 years,2023-12-25,2023-12-25,812.64,1051.19
LN000240,10240,37481,6.84,2022-12-19,Fully Paid,124917,5 years,2023-06-17,2023-06-21,659.87,789.91
LN000241,10241,17050,19.58,2023-04-30,Current,84072,2 years,2024-04-24,2024-04-24,1397.69,1266.93
LN000242,10242,41856,13.43,2023-03-03,In Grace Period,60151,3 years,2023-07-01,2023-07-03,1076.05,544.0
LN000243,10243,34477,21.25,2022-04-05,In Grace Period,74933,<1 year,2022-09-02,2022-09-06,1023.51,1108.41
LN000244,10244,9769,9.39,2024-02-19,In Grace Period,171499,1 year,2024-10-16,2024-10-17,699.56,1343.37
LN000245,10245,6004,9.81,2022-07-14,Fully Paid,55753,10+ years,2023-03-11,2023-03-12,1144.52,1134.75
LN000246,10246,30993,22.47,2023-07-20,Current,99202,3 years,2024-03-16,2024-03-19,731.57,670.11
LN000247,10247,37589,14.39,2024-04-02,Fully Paid,148074,2 years,2024-07-31,2024-08-03,354.86,675.51
LN000248,10248,19501,19.34,2022-01-17,Current,178100,5 years,2023-01-12,2023-01-16,535.43,654.23
LN000249,10249,20074,12.84,2024-05-03,Current,169347,10+ years,2025-03-29,2025-04-01,1285.91,608.79
LN000250,10250,47054,19.31,2023-04-17,Current,117320,1 year,2023-07-16,2023-07-21,1367.24,520.86
LN000251,10251,47061,23.23,2023-06-21,Current,44485,10+ years,2023-07-21,2023-07-19,1311.05,794.87
LN000252,10252,20167,7.22,2022-06-04,Current,157574,3 years,2022-12-01,2022-11-29,1100.11,1041.4
LN000253,10253,45404,22.43,2023-11-07,Current,26733,5 years,2024-08-03,2024-08-07,935.3,314.22
LN000254,10254,23005,15.64,2022-10-21,Current,137872,1 year,2022-12-20,2022-12-19,589.16,929.26
LN000255,10255,45617,15.48,2024-04-14,Current,129044,<1 year,2024-10-11,2024-10-15,591.85,850.8
LN000256,10256,19801,11.4,2024-04-27,Fully Paid,33305,<1 year,2024-11-23,2024-11-27,871.21,752.6
LN000257,10257,46729,6.17,2022-06-25,Current,138746,10+ years,2022-12-22,2022-12-21,1402.98,1373.75
LN000258,10258,20057,9.81,2024-06-07,Late,173579,3 years,2024-11-04,2024-11-14,1121.31,931.74
LN000259,10259,23374,22.19,2023-08-01,Late,72016,2 years,2023-08-31,2023-10-01,1202.71,628.33
LN000260,10260,31102,22.72,2022-11-03,Current,88038,5 years,2023-06-01,2023-06-04,1187.69,760.62
LN000261,10261,10139,15.01,2022-12-21,Current,139580,1 year,2023-02-19,2023-02-22,1036.64,1026.2
LN000262,10262,44033,13.14,2024-03-03,Current,96651,3 years,2024-10-29,2024-10-30,1429.37,726.97
LN000263,10263,33301,9.34,2023-08-23,Late,47464,5 years,2024-01-20,2024-02-25,398.45,741.8
LN000264,10264,15107,12.84,2024-03-13,Late,127137,2 years,2024-09-09,2024-09-27,1431.55,182.37
LN000265,10265,34146,12.48,2022-10-04,Current,47884,1 year,2023-05-02,2023-05-07,914.93,968.38
LN000266,10266,11769,6.47,2022-12-29,In Grace Period,110047,3 years,2023-01-28,2023-01-30,1235.0,796.57
LN000267,10267,41669,22.29,2022-09-06,In Grace Period,69455,10+ years,2023-04-04,2023-04-04,661.36,466.61
LN000268,10268,37317,8.63,2022-06-21,Current,135389,2 years,2023-02-16,2023-02-15,1433.07,733.35
LN000269,10269,45962,14.92,2023-09-24,Current,53042,1 year,2024-02-21,2024-02-19,698.66,1438.59
LN000270,10270,45644,12.84,2024-06-01,Current,112749,3 years,2025-04-27,2025-04-27,1023.85,660.52
LN000271,10271,18163,14.62,2022-07-01,Fully Paid,108660,2 years,2023-06-26,2023-07-01,1238.37,1461.32
LN000272,10272,26357,12.77,2024-04-16,Default,120686,<1 year,2025-02-10,,539.76,0
LN000273,10273,40758,9.24,2024-02-26,In Grace Period,146011,10+ years,2024-06-25,2024-06-30,1297.54,1257.22
LN000274,10274,9532,20.74,2024-03-25,Default,155889,1 year,2025-02-18,,663.4,0
LN000275,10275,21559,17.86,2024-01-03,Current,123825,<1 year,2024-08-30,2024-09-04,941.24,998.69
LN000276,10276,32413,15.79,2024-03-20,Fully Paid,165746,5 years,2025-02-13,2025-02-12,597.88,431.24
LN000277,10277,48561,12.39,2023-10-25,Late,172644,10+ years,2024-09-19,2024-12-15,1203.22,459.66
LN000278,10278,33210,7.91,2022-04-11,Current,158870,10+ years,2023-01-06,2023-01-07,769.36,834.93
LN000279,10279,49535,16.59,2023-05-28,Current,31438,3 years,2023-07-27,2023-07-29,1454.07,799.17
LN000280,10280,12606,20.96,2024-01-18,Current,106760,2 years,2024-09-14,2024-09-15,717.96,925.34
LN000281,10281,11397,13.89,2023-12-15,Current,42609,2 years,2024-01-14,2024-01-13,711.69,327.1
LN000282,10282,12167,18.19,2022-06-18,Fully Paid,88940,5 years,2022-09-16,2022-09-16,811.64,697.19
LN000283,10283,35281,10.17,2023-02-19,Late,73860,10+ years,2024-01-15,2024-03-15,1184.87,456.02
LN000284,10284,17931,14.09,2023-03-16,Current,81307,1 year,2023-08-13,2023-08-12,1259.4,992.82
LN000285,10285,40185,9.37,2022-11-30,Current,54872,2 years,2023-10-26,2023-10-31,1066.93,933.26
LN000286,10286,44123,13.0,2023-02-06,In Grace Period,116206,2 years,2023-10-04,2023-10-04,1147.19,1276.49
LN000287,10287,24493,22.54,2023-08-28,Current,60113,2 years,2023-10-27,2023-10-28,519.65,666.46
LN000288,10288,14264,15.19,2023-03-05,In Grace Period,175681,3 years,2023-10-01,2023-10-01,944.86,884.0
LN000289,10289,47287,22.75,2022-06-27,In Grace Period,153356,2 years,2022-09-25,2022-09-25,841.2,677.5
LN000290,10290,8513,21.58,2022-01-10,Current,76151,3 years,2022-10-07,2022-10-12,890.07,790.96
LN000291,10291,34088,14.8,2022-03-26,In Grace Period,82810,2 years,2022-04-25,2022-04-27,646.4,569.81
LN000292,10292,34971,16.18,2024-03-02,Default,169107,5 years,2024-05-01,,987.26,0
LN000293,10293,22556,19.95,2024-04-23,Fully Paid,167093,<1 year,2025-04-18,2025-04-23,1487.73,955.62
LN000294,10294,11711,19.25,2023-11-01,Default,103042,<1 year,2024-06-28,,615.38,0
LN000295,10295,10700,13.9,2022-05-01,Default,87113,1 year,2023-04-26,,1005.51,0
LN000296,10296,27978,21.5,2023-09-17,Late,68511,5 years,2023-12-16,2024-01-16,1266.53,832.18
LN000297,10297,42360,12.31,2022-10-15,In Grace Period,69139,2 years,2023-10-10,2023-10-12,620.81,647.2
LN000298,10298,38712,23.74,2023-11-27,Fully Paid,60543,3 years,2023-12-27,2023-12-29,452.27,1340.46
LN000299,10299,13696,10.49,2023-12-30,Current,89894,10+ years,2024-07-27,2024-08-01,1058.88,470.61
LN000300,10300,46144,13.46,2023-04-08,Current,49404,3 years,2024-01-03,2024-01-05,1352.78,1133.64
LN000301,10301,34798,23.1,2022-12-02,In Grace Period,49416,10+ years,2023-07-30,2023-08-02,1254.81,1320.13
LN000302,10302,31064,9.92,2023-03-16,Fully Paid,154686,2 years,2023-09-12,2023-09-14,993.52,705.31
LN000303,10303,42102,21.34,2024-03-18,Current,37690,<1 year,2024-05-17,2024-05-22,1415.32,319.54
LN000304,10304,15353,13.94,2022-01-01,Fully Paid,137145,1 year,2022-12-27,2022-12-27,662.24,1358.58
LN000305,10305,22958,7.68,2023-01-05,Current,122476,10+ years,2023-12-01,2023-12-01,1050.73,362.14
LN000306,10306,20344,13.73,2022-04-04,Late,25284,1 year,2022-11-30,2022-12-14,571.43,219.43
LN000307,10307,49563,14.01,2022-01-09,Late,56612,3 years,2023-01-04,2023-01-25,574.74,529.93
LN000308,10308,10854,19.15,2022-04-15,Current,121354,2 years,2022-07-14,2022-07-18,1203.79,1228.15
LN000309,10309,13725,17.55,2023-11-25,Current,164069,5 years,2023-12-25,2023-12-25,1166.92,828.12
LN000310,10310,46161,19.47,2023-02-26,Late,140968,1 year,2023-04-27,2023-05-14,447.79,226.01
LN000311,10311,30167,12.33,2023-03-16,Current,61655,1 year,2023-08-13,2023-08-12,1021.2,597.8
LN000312,10312,44819,11.13,2023-12-09,Current,104075,1 year,2024-09-04,2024-09-05,654.65,1197.41
LN000313,10313,8576,20.11,2024-03-23,Fully Paid,154731,3 years,2024-05-22,2024-05-23,1012.72,899.5
LN000314,10314,39621,22.0,2022-01-13,Fully Paid,107961,1 year,2022-08-11,2022-08-15,1119.53,738.49
LN000315,10315,35868,23.18,2024-02-28,Current,178973,<1 year,2024-03-29,2024-03-31,1407.1,558.89
LN000316,10316,31081,15.12,2023-10-06,Late,133903,3 years,2024-09-30,2024-11-25,943.88,174.19
LN000317,10317,45373,8.75,2022-03-27,Current,159035,1 year,2022-06-25,2022-06-28,1061.15,768.88
LN000318,10318,47587,18.26,2022-03-09,Current,139684,10+ years,2022-07-07,2022-07-05,1409.55,593.38
LN000319,10319,12601,14.16,2023-09-16,Current,71044,<1 year,2023-10-16,2023-10-16,496.6,1141.8
LN000320,10320,27721,15.41,2024-03-12,Fully Paid,92960,1 year,2024-09-08,2024-09-08,1348.15,1199.73
LN000321,10321,12736,19.89,2022-01-31,Current,137544,2 years,2022-10-28,2022-10-27,1470.06,615.54
LN000322,10322,46125,7.39,2023-04-12,In Grace Period,39533,3 years,2024-02-06,2024-02-06,606.14,741.23
LN000323,10323,11743,22.1,2023-11-22,Late,84874,10+ years,2024-08-18,2024-08-23,1335.51,139.63
LN000324,10324,21026,6.83,2023-01-08,Current,64343,1 year,2023-02-07,2023-02-11,597.92,569.42
LN000325,10325,25967,10.88,2022-03-21,In Grace Period,56300,5 years,2023-02-14,2023-02-12,1265.21,515.21
LN000326,10326,8009,23.17,2022-03-12,Fully Paid,99005,2 years,2022-09-08,2022-09-07,309.56,963.71
LN000327,10327,18151,11.25,2024-03-14,Current,88591,3 years,2024-09-10,2024-09-15,1231.06,1497.34
LN000328,10328,40819,19.69,2022-09-09,Current,132488,<1 year,2023-01-07,2023-01-10,1132.15,1063.13
LN000329,10329,5628,23.12,2022-01-02,Default,123638,10+ years,2022-12-28,,669.01,0
LN000330,10330,18447,15.54,2022-09-01,Current,40701,1 year,2023-08-27,2023-08-29,1405.53,411.63
LN000331,10331,39062,13.44,2023-01-17,Current,47256,5 years,2023-03-18,2023-03-18,773.22,1064.66
LN000332,10332,43790,16.22,2023-03-22,Late,59264,1 year,2023-08-19,2023-09-26,1411.25,865.82
LN000333,10333,30752,18.61,2024-01-24,Current,143687,2 years,2024-05-23,2024-05-22,463.33,1432.27
LN000334,10334,43319,7.96,2022-04-19,Current,147173,2 years,2022-11-15,2022-11-14,1457.56,943.11
LN000335,10335,18607,14.13,2023-04-20,Current,56434,<1 year,2023-07-19,2023-07-21,1136.25,1291.66
LN000336,10336,7643,9.87,2024-05-27,Current,48910,10+ years,2024-09-24,2024-09-27,358.74,775.49
LN000337,10337,24584,10.68,2022-06-28,Current,131008,3 years,2023-03-25,2023-03-26,422.29,413.67
LN000338,10338,14161,8.19,2022-03-05,Fully Paid,83271,1 year,2022-07-03,2022-07-07,1056.36,746.69
LN000339,10339,47250,7.51,2023-08-24,Current,44657,<1 year,2023-10-23,2023-10-24,832.12,1383.0
LN000340,10340,13440,7.66,2024-05-17,Fully Paid,111913,<1 year,2024-06-16,2024-06-21,1408.96,360.77
LN000341,10341,33387,20.79,2023-02-09,Current,125330,10+ years,2023-09-07,2023-09-07,1389.97,724.73
LN000342,10342,23021,11.04,2022-06-02,Current,89431,10+ years,2022-10-30,2022-11-04,960.83,794.39
LN000343,10343,8996,7.58,2023-01-28,Current,77286,10+ years,2023-10-25,2023-10-26,1262.6,1056.91
LN000344,10344,6279,23.81,2024-03-11,Late,150746,5 years,2024-11-06,2024-12-25,902.87,921.41
LN000345,10345,30452,10.87,2022-01-27,Current,82414,<1 year,2022-06-26,2022-06-24,866.02,1270.38
LN000346,10346,28424,19.8,2022-08-27,Fully Paid,51249,1 year,2023-07-23,2023-07-24,1279.54,619.83
LN000347,10347,8664,19.75,2022-08-13,In Grace Period,126822,2 years,2022-11-11,2022-11-11,681.61,583.86
LN000348,10348,28513,22.45,2022-01-29,Late,117191,5 years,2022-11-25,2022-12-18,525.88,606.8
LN000349,10349,37258,15.76,2022-06-29,Current,48660,<1 year,2022-10-27,2022-10-28,873.59,323.91
LN000350,10350,26740,22.52,2022-07-26,Fully Paid,114327,10+ years,2022-10-24,2022-10-27,477.25,371.47
LN000351,10351,14283,19.94,2024-05-16,In Grace Period,120653,<1 year,2024-11-12,2024-11-16,703.87,1003.22
LN000352,10352,26142,8.46,2022-06-11,Late,139522,10+ years,2023-02-06,2023-05-05,1148.62,385.56
LN000353,10353,41829,18.48,2023-09-21,Default,83520,10+ years,2024-07-17,,1277.35,0
LN000354,10354,29797,11.52,2023-12-07,Current,71585,10+ years,2024-01-06,2024-01-10,1225.0,1320.91
LN000355,10355,42190,6.58,2023-09-09,Current,82906,10+ years,2024-07-05,2024-07-04,468.77,1424.03
LN000356,10356,10099,10.28,2022-11-24,Current,48258,10+ years,2023-10-20,2023-10-23,618.25,835.96
LN000357,10357,21353,18.48,2022-12-25,Current,53320,10+ years,2023-01-24,2023-01-22,1179.1,763.12
LN000358,10358,15901,21.92,2023-05-20,Fully Paid,117073,5 years,2023-12-16,2023-12-15,1246.48,1294.57
LN000359,10359,42883,17.72,2023-12-05,Current,143302,<1 year,2024-01-04,2024-01-06,613.35,324.09
LN000360,10360,11863,7.34,2022-06-24,Fully Paid,67180,10+ years,2022-08-23,2022-08-22,1482.33,705.54
LN000361,10361,36636,18.68,2023-03-18,Fully Paid,68253,5 years,2023-10-14,2023-10-14,697.31,364.27
LN000362,10362,17450,13.37,2023-07-22,Late,166590,2 years,2024-06-16,2024-07-27,415.1,367.66
LN000363,10363,30749,16.29,2024-05-10,Current,39288,2 years,2024-06-09,2024-06-13,1288.68,405.15
LN000364,10364,45965,16.8,2022-07-24,Current,79251,1 year,2023-06-19,2023-06-21,868.28,1472.47
LN000365,10365,12569,11.55,2023-02-12,Current,94469,<1 year,2024-01-08,2024-01-12,1362.59,521.86
LN000366,10366,29209,9.36,2022-02-15,Current,146912,2 years,2022-06-15,2022-06-17,481.36,977.1
LN000367,10367,48743,7.74,2023-11-16,Current,166937,3 years,2024-09-11,2024-09-12,1308.96,964.32
LN000368,10368,39247,13.54,2023-07-03,Late,149472,5 years,2023-10-31,2024-01-04,773.77,368.97
LN000369,10369,7275,15.04,2023-06-14,Fully Paid,63652,<1 year,2024-02-09,2024-02-09,500.6,1438.87
LN000370,10370,18886,20.55,2022-05-10,Current,45543,10+ years,2022-12-06,2022-12-07,1052.67,1496.72
LN000371,10371,43997,10.64,2024-01-15,Fully Paid,42566,<1 year,2024-08-12,2024-08-16,1327.95,962.47
LN000372,10372,39058,14.25,2024-06-13,Current,179029,5 years,2025-01-09,2025-01-08,477.84,797.33
LN000373,10373,43530,16.49,2022-04-13,Fully Paid,172504,<1 year,2022-09-10,2022-09-13,616.96,1353.47
LN000374,10374,47912,14.74,2023-09-16,Current,70141,2 years,2024-04-13,2024-04-13,1116.98,1041.89
LN000375,10375,31327,6.7,2024-06-19,Current,87279,<1 year,2025-06-14,2025-06-19,1376.44,1405.0
LN000376,10376,6325,12.08,2024-03-23,Current,98491,3 years,2025-03-18,2025-03-17,573.55,1467.0
LN000377,10377,24692,23.54,2023-03-30,Default,109113,2 years,2024-03-24,,800.13,0
LN000378,10378,47307,7.61,2023-03-29,Current,131737,10+ years,2023-11-24,2023-11-27,918.32,1285.22
LN000379,10379,15418,7.18,2023-12-28,In Grace Period,60559,5 years,2024-10-23,2024-10-21,1350.22,508.48
LN000380,10380,18154,21.07,2022-09-13,Current,38253,2 years,2023-09-08,2023-09-09,1288.21,628.77
LN000381,10381,38103,13.14,2022-05-07,Late,88422,2 years,2023-01-02,2023-03-24,1452.62,501.49
LN000382,10382,36102,16.56,2022-12-25,Current,92806,10+ years,2023-12-20,2023-12-19,763.88,642.08
LN000383,10383,15676,21.37,2024-03-09,Fully Paid,83025,10+ years,2024-07-07,2024-07-08,791.41,622.9
LN000384,10384,6314,21.56,2024-02-25,Late,149281,1 year,2025-01-20,2025-02-16,310.16,641.03
LN000385,10385,21540,16.95,2022-11-09,Late,97188,3 years,2023-06-07,2023-07-26,561.85,513.1
LN000386,10386,24801,18.19,2024-04-24,Late,178219,<1 year,2024-05-24,2024-08-02,1459.78,999.49
LN000387,10387,29525,16.11,2023-09-01,Late,103243,10+ years,2023-10-31,2024-01-05,1486.03,157.45
LN000388,10388,46982,11.85,2022-10-11,Current,103326,1 year,2023-01-09,2023-01-10,1266.52,1379.62
LN000389,10389,44323,13.27,2022-11-24,Late,31672,10+ years,2023-07-22,2023-09-02,802.28,333.48
LN000390,10390,30445,19.26,2023-08-21,Late,174957,1 year,2024-02-17,2024-03-21,1065.98,717.69
LN000391,10391,36177,22.32,2023-11-19,Current,103694,1 year,2024-10-14,2024-10-14,864.94,652.54
LN000392,10392,21951,19.05,2023-07-27,Default,72990,10+ years,2024-01-23,,1085.32,0
LN000393,10393,19565,12.4,2024-02-02,Fully Paid,135224,2 years,2024-07-31,2024-08-02,856.51,1002.68
LN000394,10394,12718,14.47,2024-06-06,Late,177125,5 years,2024-08-05,2024-10-09,900.57,900.48
LN000395,10395,49610,12.87,2022-11-02,Current,64525,1 year,2023-03-02,2023-03-05,983.28,791.03
LN000396,10396,34987,8.58,2024-06-02,Late,46184,3 years,2024-11-29,2025-02-22,676.1,987.98
LN000397,10397,8801,6.08,2022-10-08,Current,69198,5 years,2023-01-06,2023-01-11,1235.7,1242.25
LN000398,10398,13480,17.06,2023-10-11,Current,137466,3 years,2024-05-08,2024-05-06,539.3,345.27
LN000399,10399,29451,23.1,2022-11-26,Default,164207,1 year,2022-12-26,,1112.1,0
LN000400,10400,46070,19.2,2022-08-20,Late,115269,2 years,2022-11-18,2022-12-06,1006.4,445.2
LN000401,10401,15945,7.18,2022-02-16,Current,101238,3 years,2023-02-11,2023-02-14,1124.14,820.4
LN000402,10402,13768,12.17,2023-05-17,Current,74394,1 year,2023-12-13,2023-12-11,1172.6,574.1
LN000403,10403,13598,9.8,2022-01-23,In Grace Period,69298,<1 year,2022-07-22,2022-07-20,1068.39,750.23
LN000404,10404,40044,17.22,2023-09-01,Fully Paid,53341,10+ years,2023-10-01,2023-09-29,800.13,1127.7
LN000405,10405,29920,8.22,2022-09-16,Current,65141,1 year,2023-09-11,2023-09-09,1094.0,661.34
LN000406,10406,48416,15.37,2023-09-30,Late,60956,3 years,2023-11-29,2024-02-07,441.28,746.89
LN000407,10407,12471,20.13,2023-05-25,Current,77363,2 years,2024-02-19,2024-02-20,791.71,729.51
LN000408,10408,15510,6.71,2023-05-24,Fully Paid,151003,2 years,2023-09-21,2023-09-19,406.8,315.3
LN000409,10409,12237,21.03,2023-11-17,Current,48614,5 years,2024-01-16,2024-01-15,1073.2,1385.74
LN000410,10410,34933,23.8,2022-10-31,Current,38128,<1 year,2023-01-29,2023-01-27,732.26,1322.7
LN000411,10411,49352,11.63,2024-01-27,Current,37029,<1 year,2024-04-26,2024-04-26,1373.43,694.39
LN000412,10412,45750,10.83,2024-01-21,Current,114842,1 year,2024-03-21,2024-03-25,847.85,780.3
LN000413,10413,30278,18.42,2023-05-05,Default,68720,<1 year,2023-08-03,,1135.4,0
LN000414,10414,8843,23.67,2024-05-14,Current,134059,5 years,2025-01-09,2025-01-14,755.7,517.51
LN000415,10415,28501,17.0,2024-06-02,Late,59250,3 years,2025-01-28,2025-02-16,828.83,898.83
LN000416,10416,9150,10.71,2022-11-18,Current,162577,10+ years,2023-09-14,2023-09-15,1103.81,1473.47
LN000417,10417,27170,15.34,2023-12-06,Late,49967,3 years,2024-10-31,2024-12-06,1096.45,533.74
LN000418,10418,47035,12.93,2024-05-09,Fully Paid,39304,<1 year,2025-04-04,2025-04-04,863.15,906.68
LN000419,10419,37495,21.65,2022-03-18,Default,109052,1 year,2022-09-14,,1464.17,0
LN000420,10420,8299,15.12,2023-07-18,Late,130716,1 year,2023-09-16,2023-11-18,987.64,499.77
LN000421,10421,10768,21.42,2023-04-03,Current,155383,10+ years,2024-02-27,2024-02-25,794.81,423.17
LN000422,10422,41512,15.88,2024-04-25,Current,104848,5 years,2025-01-20,2025-01-21,847.45,1085.52
LN000423,10423,27338,12.54,2022-02-25,Fully Paid,144133,2 years,2022-11-22,2022-11-27,735.95,1159.99
LN000424,10424,34657,8.05,2024-02-17,Late,25575,2 years,2024-08-15,2024-11-09,650.38,967.99
LN000425,10425,39208,12.73,2022-04-19,Current,68032,3 years,2022-07-18,2022-07-22,1033.02,428.35
LN000426,10426,17290,8.17,2024-05-22,Current,144811,1 year,2025-05-17,2025-05-20,797.36,429.32
LN000427,10427,46500,21.07,2023-08-26,Current,143097,3 years,2024-07-21,2024-07-21,305.21,1456.63
LN000428,10428,8183,15.96,2023-03-20,Fully Paid,151597,5 years,2023-06-18,2023-06-18,454.06,1176.59
LN000429,10429,30389,17.84,2023-09-13,Fully Paid,157149,3 years,2024-04-10,2024-04-11,1456.31,628.32
LN000430,10430,24278,14.15,2022-05-17,Current,159294,2 years,2023-05-12,2023-05-15,1422.61,1154.25
LN000431,10431,46456,9.91,2022-08-03,Late,101173,10+ years,2023-01-30,2023-02-20,1080.1,983.2
LN000432,10432,16653,15.07,2023-12-12,Late,55252,2 years,2024-09-07,2024-11-12,1431.21,624.53
LN000433,10433,32359,18.14,2024-05-11,In Grace Period,135726,<1 year,2025-02-05,2025-02-04,474.39,330.33
LN000434,10434,48925,7.02,2022-10-01,Default,67188,2 years,2023-08-27,,600.67,0
LN000435,10435,9065,18.43,2022-10-30,Current,166865,<1 year,2023-04-28,2023-05-03,1341.64,422.98
LN000436,10436,41823,21.57,2024-01-31,Late,126944,1 year,2024-10-27,2024-12-07,356.38,723.64
LN000437,10437,30007,12.98,2024-03-18,Fully Paid,106960,5 years,2024-04-17,2024-04-15,543.7,1192.4
LN000438,10438,34036,20.94,2023-10-11,Late,121401,5 years,2024-07-07,2024-09-27,1169.9,276.82
LN000439,10439,17681,11.3,2022-07-01,Fully Paid,44521,1 year,2022-09-29,2022-09-28,814.21,752.64
LN000440,10440,41477,10.76,2022-06-14,In Grace Period,91850,<1 year,2022-12-11,2022-12-16,485.77,1151.63
LN000441,10441,15073,22.72,2023-09-04,Current,103945,3 years,2024-06-30,2024-07-03,1149.22,387.46
LN000442,10442,39432,9.96,2022-07-08,In Grace Period,157419,1 year,2023-02-03,2023-02-07,565.44,410.33
LN000443,10443,18982,17.94,2022-12-06,Current,82264,5 years,2023-09-02,2023-09-07,1288.43,1495.96
LN000444,10444,47552,6.16,2023-11-16,Current,88005,10+ years,2024-09-11,2024-09-12,1119.06,1450.68
LN000445,10445,26032,12.86,2024-03-26,Fully Paid,126155,2 years,2024-12-21,2024-12-23,920.24,329.65
LN000446,10446,29573,15.26,2023-06-05,Current,36495,2 years,2024-04-30,2024-05-01,398.81,684.38
LN000447,10447,11288,9.01,2024-03-02,In Grace Period,26921,10+ years,2024-05-01,2024-05-02,1228.3,1104.4
LN000448,10448,49918,13.64,2022-04-17,Current,139094,10+ years,2022-06-16,2022-06-16,1160.24,328.5
LN000449,10449,7482,7.58,2022-02-25,Current,91036,5 years,2022-04-26,2022-04-27,789.16,1393.18
LN000450,10450,34564,17.34,2023-03-20,Current,127105,10+ years,2023-05-19,2023-05-17,1042.02,1069.71
LN000451,10451,43378,6.82,2024-05-18,Current,156815,<1 year,2024-10-15,2024-10-17,637.82,1027.88
LN000452,10452,33683,12.87,2024-04-21,Late,149253,1 year,2025-01-16,2025-02-18,769.19,222.74
LN000453,10453,40764,11.31,2023-10-12,Current,122813,<1 year,2024-07-08,2024-07-08,306.04,447.88
LN000454,10454,44102,13.09,2023-07-15,Fully Paid,104872,1 year,2024-07-09,2024-07-12,1386.75,554.08
LN000455,10455,38590,8.56,2022-07-08,Current,91254,1 year,2022-09-06,2022-09-06,980.75,1105.17
LN000456,10456,8564,21.32,2023-07-17,Current,169091,<1 year,2023-12-14,2023-12-13,536.9,600.83
LN000457,10457,43049,14.77,2022-12-05,Current,86481,<1 year,2023-05-04,2023-05-03,681.34,1380.14
LN000458,10458,34533,11.91,2023-11-07,Current,178136,1 year,2024-09-02,2024-09-05,1450.39,1269.24
LN000459,10459,16051,6.09,2022-09-10,Default,139327,2 years,2023-03-09,,461.17,0
LN000460,10460,26729,21.8,2023-04-19,Current,105077,3 years,2024-01-14,2024-01-13,1027.95,510.92
LN000461,10461,23390,21.46,2022-05-24,Fully Paid,76493,2 years,2023-05-19,2023-05-18,1370.53,1172.91
LN000462,10462,38238,17.37,2024-04-12,In Grace Period,131203,5 years,2024-08-10,2024-08-08,952.16,961.91
LN000463,10463,40368,14.5,2024-03-04,Current,127891,1 year,2024-12-29,2024-12-31,901.35,460.66
LN000464,10464,10934,13.14,2023-05-30,Current,87621,5 years,2024-04-24,2024-04-24,468.44,1208.65
LN000465,10465,15434,9.22,2023-08-03,Late,63325,10+ years,2024-07-28,2024-10-02,348.5,945.26
LN000466,10466,36958,10.17,2022-09-28,Current,36221,10+ years,2023-01-26,2023-01-29,1401.48,765.71
LN000467,10467,8043,6.72,2023-10-27,Current,161674,10+ years,2024-03-25,2024-03-27,984.19,994.36
LN000468,10468,29684,17.77,2023-01-10,In Grace Period,45404,5 years,2023-06-09,2023-06-13,567.48,1467.21
LN000469,10469,31597,12.35,2024-06-07,Current,151382,5 years,2024-07-07,2024-07-07,575.99,827.88
LN000470,10470,38720,17.58,2022-08-05,Current,66250,2 years,2023-06-01,2023-05-31,797.54,1093.33
LN000471,10471,26641,18.96,2023-05-09,Late,150572,1 year,2024-03-04,2024-03-29,793.08,682.53
LN000472,10472,20969,6.78,2023-08-11,In Grace Period,60317,10+ years,2024-05-07,2024-05-05,476.24,1368.96
LN000473,10473,15901,10.65,2022-07-04,In Grace Period,131287,5 years,2023-04-30,2023-04-28,1173.57,1354.21
LN000474,10474,23576,23.05,2022-08-10,Current,148578,3 years,2022-11-08,2022-11-09,1021.01,1296.44
LN000475,10475,43184,20.77,2022-07-06,Late,158904,2 years,2022-10-04,2022-11-21,1015.84,930.12
LN000476,10476,9511,10.14,2023-01-30,Current,29341,1 year,2023-10-27,2023-10-31,1026.61,1291.82
LN000477,10477,16627,14.57,2023-09-22,In Grace Period,164311,5 years,2023-11-21,2023-11-20,456.39,878.69
LN000478,10478,44549,15.71,2022-01-02,Fully Paid,138114,5 years,2022-07-31,2022-08-03,1137.17,1349.79
LN000479,10479,33112,10.13,2024-04-01,Current,124938,2 years,2025-01-26,2025-01-25,605.42,810.59
LN000480,10480,20237,22.38,2022-03-27,Current,167535,3 years,2022-08-24,2022-08-25,1192.37,306.56
LN000481,10481,5466,16.4,2022-05-01,In Grace Period,123311,10+ years,2022-08-29,2022-09-01,427.9,790.61
LN000482,10482,32923,17.73,2022-09-17,Current,165536,3 years,2023-07-14,2023-07-17,1490.16,1034.26
LN000483,10483,31047,19.59,2023-02-28,In Grace Period,171161,3 years,2023-05-29,2023-06-01,880.51,970.91
LN000484,10484,25096,16.4,2024-03-03,Late,61193,10+ years,2024-05-02,2024-06-05,1139.17,501.94
LN000485,10485,15603,7.81,2023-06-05,Current,113719,5 years,2024-03-31,2024-03-29,1457.48,492.89
LN000486,10486,5346,20.48,2024-04-23,Current,139131,<1 year,2024-06-22,2024-06-24,396.05,566.12
LN000487,10487,7474,19.04,2023-02-15,Late,161578,2 years,2024-02-10,2024-05-01,1228.33,151.72
LN000488,10488,16486,17.53,2023-03-26,Current,160830,2 years,2023-07-24,2023-07-22,912.66,1240.75
LN000489,10489,20182,17.07,2023-11-22,Current,87719,10+ years,2023-12-22,2023-12-22,631.12,404.21
LN000490,10490,31177,12.36,2023-02-09,Current,77510,5 years,2023-03-11,2023-03-10,959.51,1403.01
LN000491,10491,41642,22.47,2022-12-23,Current,97484,1 year,2023-10-19,2023-10-20,784.75,845.71
LN000492,10492,5304,10.7,2023-02-21,In Grace Period,171441,<1 year,2023-11-18,2023-11-20,440.41,707.96
LN000493,10493,38638,23.22,2024-06-16,In Grace Period,175704,2 years,2025-06-11,2025-06-16,975.8,1459.27
LN000494,10494,20943,19.63,2024-03-05,Current,145775,5 years,2024-04-04,2024-04-09,381.07,439.52
LN000495,10495,46527,20.2,2022-08-14,Late,85274,2 years,2023-03-12,2023-05-01,311.67,564.85
LN000496,10496,22258,10.47,2022-04-06,Current,114651,<1 year,2023-01-01,2023-01-01,724.25,871.87
LN000497,10497,42598,10.84,2024-02-04,Late,74851,3 years,2025-01-29,2025-02-28,590.47,311.38
LN000498,10498,22393,9.72,2022-07-27,Fully Paid,118330,1 year,2022-09-25,2022-09-24,1110.97,1404.23
LN000499,10499,48478,14.87,2022-01-07,Default,166944,<1 year,2022-09-04,,745.44,0
LN000500,10500,25671,14.86,2023-08-12,Fully Paid,153661,1 year,2024-05-08,2024-05-10,1200.2,777.46
LN000501,10501,13404,6.97,2024-03-29,Current,166759,<1 year,2024-12-24,2024-12-27,1123.61,772.46
LN000502,10502,16455,14.23,2022-05-04,Late,145604,2 years,2023-04-29,2023-05-05,552.9,110.64
LN000503,10503,43076,7.81,2023-01-06,Late,93078,1 year,2023-10-03,2023-11-10,865.61,313.43
LN000504,10504,45179,12.18,2022-07-08,Current,80189,3 years,2023-07-03,2023-07-06,780.71,738.09
LN000505,10505,34538,9.24,2022-05-15,Fully Paid,84917,<1 year,2023-05-10,2023-05-12,966.41,1264.91
LN000506,10506,29961,9.53,2024-03-30,Fully Paid,64203,3 years,2024-04-29,2024-04-29,461.37,805.82
LN000507,10507,46330,15.31,2024-01-08,Current,152564,2 years,2024-06-06,2024-06-04,1128.65,778.08
LN000508,10508,8934,9.88,2022-09-18,Current,50244,3 years,2023-09-13,2023-09-16,732.37,611.72
LN000509,10509,41535,22.77,2022-09-21,Current,132940,<1 year,2023-03-20,2023-03-21,1079.84,992.22
LN000510,10510,40287,9.14,2024-03-10,Current,110220,10+ years,2024-12-05,2024-12-10,836.32,1229.69
LN000511,10511,10138,12.86,2022-10-21,Current,62971,1 year,2023-09-16,2023-09-19,1034.77,806.18
LN000512,10512,31527,21.28,2022-03-15,Current,115079,1 year,2022-09-11,2022-09-14,1152.52,1083.62
LN000513,10513,44674,17.6,2022-10-05,Fully Paid,120201,10+ years,2023-08-01,2023-08-06,520.66,796.79
LN000514,10514,6513,8.25,2022-08-29,Late,45988,1 year,2022-11-27,2023-01-21,376.55,192.71
LN000515,10515,36010,15.87,2022-01-27,Default,162358,<1 year,2022-03-28,,614.94,0
LN000516,10516,15176,7.52,2023-02-04,Current,89853,10+ years,2023-07-04,2023-07-09,457.53,1051.78
LN000517,10517,16180,6.51,2023-11-11,Current,110249,3 years,2024-07-08,2024-07-10,462.14,958.25
LN000518,10518,40342,9.19,2023-09-04,Current,172845,3 years,2024-05-31,2024-06-02,877.98,1390.71
LN000519,10519,19885,20.48,2023-03-29,Current,133056,2 years,2023-06-27,2023-06-29,927.98,312.67
LN000520,10520,13932,12.19,2023-04-26,In Grace Period,153956,3 years,2023-09-23,2023-09-21,1257.56,1219.04
LN000521,10521,44125,10.16,2022-01-08,In Grace Period,74432,3 years,2022-10-05,2022-10-09,495.92,773.7
LN000522,10522,47335,13.02,2023-01-23,Current,45764,3 years,2023-12-19,2023-12-20,1259.95,919.93
LN000523,10523,45187,20.54,2023-12-03,Current,164445,2 years,2024-06-30,2024-07-01,518.89,1324.18
LN000524,10524,23978,7.99,2023-04-12,Late,96338,10+ years,2024-02-06,2024-04-13,323.27,269.01
LN000525,10525,8252,23.45,2022-01-23,Current,51810,2 years,2022-06-22,2022-06-22,1172.53,1158.24
LN000526,10526,20257,7.62,2022-01-16,Current,114630,3 years,2022-06-15,2022-06-20,856.42,1497.56
LN000527,10527,7079,11.94,2024-05-13,Default,63296,<1 year,2024-10-10,,1230.78,0
LN000528,10528,9678,15.78,2022-07-05,Current,90556,3 years,2022-08-04,2022-08-03,1157.62,1469.52
LN000529,10529,30218,19.88,2023-03-30,Current,33784,1 year,2023-11-25,2023-11-24,1478.54,925.37
LN000530,10530,35987,13.0,2022-11-16,Fully Paid,66579,10+ years,2023-11-11,2023-11-09,959.5,1193.67
LN000531,10531,13004,10.56,2023-10-16,Current,119483,<1 year,2024-09-10,2024-09-11,583.16,1467.93
LN000532,10532,33453,11.84,2022-06-21,Default,178274,<1 year,2023-01-17,,1246.97,0
LN000533,10533,5585,23.44,2023-08-19,Default,149589,10+ years,2024-06-14,,485.99,0
LN000534,10534,10864,10.48,2023-05-27,Current,113715,10+ years,2023-06-26,2023-06-24,484.7,726.62
LN000535,10535,40150,20.25,2022-05-09,Current,108031,5 years,2023-04-04,2023-04-07,826.46,1266.63
LN000536,10536,17646,6.38,2023-01-22,Current,60319,2 years,2023-02-21,2023-02-26,970.83,1147.95
LN000537,10537,40568,18.55,2022-07-14,In Grace Period,167506,2 years,2023-01-10,2023-01-15,1297.62,630.39
LN000538,10538,41341,8.89,2023-06-28,Current,102508,2 years,2024-03-24,2024-03-27,1231.1,844.89
LN000539,10539,38158,12.82,2022-07-09,Fully Paid,120440,5 years,2022-11-06,2022-11-09,1089.95,1165.2
LN000540,10540,40321,20.74,2022-07-14,In Grace Period,155429,5 years,2022-10-12,2022-10-14,1069.08,687.12
LN000541,10541,12239,7.73,2023-11-06,Current,59019,1 year,2023-12-06,2023-12-07,529.94,428.47
LN000542,10542,7085,16.28,2024-05-06,Current,153426,5 years,2025-03-02,2025-03-04,564.87,358.9
LN000543,10543,9644,6.24,2022-08-02,Late,45960,3 years,2023-06-28,2023-07-10,1192.17,424.83
LN000544,10544,32259,20.8,2024-03-24,Late,94681,5 years,2024-04-23,2024-05-07,393.52,851.01
LN000545,10545,19149,23.29,2022-04-10,Current,85559,5 years,2022-11-06,2022-11-07,1088.25,531.74
LN000546,10546,42357,17.26,2022-07-03,In Grace Period,171313,3 years,2023-06-28,2023-06-27,991.88,1219.54
LN000547,10547,49203,14.26,2023-11-13,Current,52289,1 year,2024-02-11,2024-02-15,1089.04,905.63
LN000548,10548,39989,23.97,2023-03-30,Fully Paid,107615,5 years,2023-09-26,2023-09-29,1059.89,794.81
LN000549,10549,26197,16.95,2023-07-31,In Grace Period,123320,5 years,2024-07-25,2024-07-27,842.88,732.01
LN000550,10550,31023,6.0,2022-02-05,Fully Paid,29273,5 years,2022-05-06,2022-05-08,1481.27,307.88
LN000551,10551,19078,21.4,2022-01-23,Default,97340,5 years,2022-10-20,,967.59,0
LN000552,10552,42461,8.78,2022-02-08,Current,65922,1 year,2022-07-08,2022-07-11,599.83,1367.55
LN000553,10553,21793,20.6,2022-04-05,In Grace Period,174176,1 year,2023-03-31,2023-03-30,1251.49,1168.3
LN000554,10554,16331,14.79,2023-12-08,Late,49999,5 years,2024-11-02,2024-12-15,1270.01,133.63
LN000555,10555,30005,7.41,2022-02-27,Fully Paid,112658,2 years,2022-09-25,2022-09-29,444.65,1416.3
LN000556,10556,19858,19.46,2024-05-19,Late,27997,10+ years,2025-04-14,2025-06-06,929.26,148.72
LN000557,10557,25926,15.72,2022-06-03,Current,82880,1 year,2022-07-03,2022-07-07,1203.41,1465.25
LN000558,10558,42699,15.09,2022-08-16,Current,128369,1 year,2022-11-14,2022-11-17,985.73,399.05
LN000559,10559,8231,15.87,2022-09-26,Current,156549,3 years,2023-09-21,2023-09-21,877.11,1214.44
LN000560,10560,17983,14.78,2023-10-30,In Grace Period,172106,5 years,2024-10-24,2024-10-25,619.51,590.78
LN000561,10561,33184,11.82,2023-08-13,Current,133418,3 years,2024-02-09,2024-02-12,713.43,528.59
LN000562,10562,47952,6.44,2022-11-09,Current,116676,5 years,2023-07-07,2023-07-07,1409.06,828.56
LN000563,10563,20301,9.59,2023-01-18,Current,47495,<1 year,2024-01-13,2024-01-11,1045.2,591.66
LN000564,10564,14678,21.64,2024-04-19,Current,114986,10+ years,2024-06-18,2024-06-20,327.3,840.07
LN000565,10565,18697,19.32,2022-08-05,Current,162171,2 years,2023-05-02,2023-05-07,1490.76,1047.65
LN000566,10566,48795,6.33,2023-08-20,Fully Paid,163097,<1 year,2024-01-17,2024-01-17,540.84,372.13
LN000567,10567,45498,10.88,2023-04-22,Late,27184,<1 year,2023-11-18,2024-02-15,1322.5,344.18
LN000568,10568,48260,12.48,2022-04-21,Current,126324,1 year,2022-11-17,2022-11-16,881.59,1384.65
LN000569,10569,44131,15.57,2022-07-10,Current,145058,5 years,2023-07-05,2023-07-03,1406.72,347.7
LN000570,10570,24983,12.0,2023-02-07,Late,29816,2 years,2024-01-03,2024-02-22,662.79,419.84
LN000571,10571,37850,10.97,2022-03-05,Late,126494,<1 year,2022-11-30,2023-01-09,710.14,303.02
LN000572,10572,30745,17.82,2022-03-31,Late,161503,10+ years,2023-01-25,2023-04-20,800.8,717.87
LN000573,10573,42545,8.75,2022-11-16,Fully Paid,111320,3 years,2023-08-13,2023-08-13,466.29,548.11
LN000574,10574,40478,18.31,2022-07-27,Fully Paid,106002,10+ years,2023-07-22,2023-07-22,1390.8,816.08
LN000575,10575,14512,17.81,2023-08-02,Fully Paid,108229,<1 year,2024-04-28,2024-04-27,1307.43,520.96
LN000576,10576,14536,19.09,2024-02-23,Current,133538,3 years,2024-07-22,2024-07-27,1286.04,1194.73
LN000577,10577,46736,22.8,2022-10-08,Current,74265,<1 year,2023-01-06,2023-01-06,1483.15,331.44
LN000578,10578,45432,10.8,2023-08-04,Late,85865,1 year,2024-06-29,2024-07-07,1125.77,423.34
LN000579,10579,36234,8.41,2024-05-16,Late,123031,1 year,2024-12-12,2025-02-17,496.54,526.46
LN000580,10580,19829,6.58,2024-02-22,Fully Paid,95741,3 years,2024-06-21,2024-06-22,379.36,1209.33
LN000581,10581,33788,21.61,2023-05-17,Late,144942,1 year,2023-12-13,2024-02-07,1029.52,798.59
LN000582,10582,29928,18.96,2023-02-08,Late,174929,5 years,2023-11-05,2024-01-16,1144.94,677.25
LN000583,10583,7523,15.37,2023-04-08,Current,36119,1 year,2024-01-03,2024-01-07,347.1,1480.6
LN000584,10584,30388,15.29,2023-10-08,Fully Paid,74768,2 years,2024-06-04,2024-06-08,1228.41,1361.28
LN000585,10585,23737,14.3,2023-03-09,Current,39299,10+ years,2023-12-04,2023-12-04,1075.32,856.29
LN000586,10586,10927,19.01,2022-04-26,Current,178471,10+ years,2023-01-21,2023-01-21,688.15,771.68
LN000587,10587,6632,9.22,2023-08-28,Fully Paid,77935,3 years,2023-10-27,2023-10-29,1078.29,688.89
LN000588,10588,15747,18.93,2022-05-07,Current,142807,10+ years,2022-11-03,2022-11-02,760.9,928.58
LN000589,10589,38532,17.02,2022-06-13,Current,124773,<1 year,2022-09-11,2022-09-14,1091.44,978.59
LN000590,10590,14836,8.92,2022-05-29,Current,38450,3 years,2022-10-26,2022-10-28,1453.16,1176.19
LN000591,10591,23925,17.28,2022-05-01,Fully Paid,78176,<1 year,2023-02-25,2023-02-27,897.15,314.65
LN000592,10592,37679,15.78,2022-01-06,Late,154359,1 year,2022-05-06,2022-07-25,844.49,693.52
LN000593,10593,33958,7.43,2023-09-07,Current,168482,2 years,2024-07-03,2024-07-04,477.91,358.7
LN000594,10594,47813,12.28,2022-05-29,Fully Paid,176543,5 years,2022-10-26,2022-10-29,358.84,1404.46
LN000595,10595,32325,23.89,2022-06-15,Late,175020,5 years,2022-09-13,2022-11-15,732.23,774.4
LN000596,10596,7348,7.68,2022-11-03,Current,124336,<1 year,2023-06-01,2023-05-31,461.45,651.4
LN000597,10597,22984,11.93,2023-02-28,In Grace Period,79801,5 years,2023-03-30,2023-03-29,1475.22,985.64
LN000598,10598,39665,23.77,2023-05-11,Late,100284,3 years,2024-03-06,2024-04-20,990.17,333.69
LN000599,10599,45844,12.37,2022-05-13,Late,155127,5 years,2023-05-08,2023-08-01,1269.58,547.97
LN000600,10600,44938,10.19,2022-10-25,Fully Paid,25414,<1 year,2022-11-24,2022-11-29,441.51,1050.55
LN000601,10601,18587,20.39,2023-03-01,Current,112501,2 years,2023-11-26,2023-11-27,541.42,313.56
LN000602,10602,23456,10.58,2022-03-11,Current,157825,5 years,2022-09-07,2022-09-05,699.94,436.6
LN000603,10603,30955,19.04,2023-09-23,Fully Paid,71040,1 year,2024-03-21,2024-03-24,874.93,1406.74
LN000604,10604,36096,20.35,2023-10-24,Current,65733,10+ years,2024-06-20,2024-06-23,1277.0,854.96
LN000605,10605,8671,21.03,2022-11-03,In Grace Period,107707,5 years,2023-07-31,2023-07-29,1122.59,549.91
LN000606,10606,28173,7.19,2022-06-02,Current,33171,2 years,2022-12-29,2022-12-29,767.48,985.18
LN000607,10607,44006,8.1,2024-03-12,Default,107444,10+ years,2024-04-11,,625.8,0
LN000608,10608,10688,14.95,2022-09-01,Current,104332,1 year,2023-05-29,2023-05-31,749.06,510.02
LN000609,10609,7450,20.0,2022-04-05,Current,31536,3 years,2022-12-31,2022-12-31,1408.36,528.25
LN000610,10610,39316,11.59,2022-12-02,Current,50756,5 years,2023-10-28,2023-10-28,343.86,546.22
LN000611,10611,30400,18.85,2023-06-19,Current,106521,<1 year,2024-05-14,2024-05-13,1367.02,699.95
LN000612,10612,11756,15.37,2023-11-06,Late,30893,5 years,2024-04-04,2024-06-29,685.06,902.92
LN000613,10613,17618,11.16,2023-06-30,Current,140635,10+ years,2023-08-29,2023-08-31,628.36,479.18
LN000614,10614,5999,23.25,2023-07-28,In Grace Period,79153,5 years,2024-01-24,2024-01-27,1431.93,625.26
LN000615,10615,23564,16.33,2022-06-25,Current,113798,5 years,2023-02-20,2023-02-18,864.88,456.09
LN000616,10616,49269,6.91,2023-01-28,Current,136795,3 years,2023-04-28,2023-05-03,674.93,1039.58
LN000617,10617,17985,18.83,2023-11-18,Fully Paid,45590,3 years,2024-09-13,2024-09-13,1262.82,411.5
LN000618,10618,35688,7.75,2022-11-14,Late,147000,3 years,2023-03-14,2023-04-16,1374.84,229.35
LN000619,10619,21911,22.43,2023-02-06,Current,111593,2 years,2023-10-04,2023-10-09,870.4,336.32
LN000620,10620,28032,14.62,2024-05-16,Current,116387,5 years,2025-03-12,2025-03-12,786.82,909.54
LN000621,10621,12011,11.87,2023-10-28,Current,104198,5 years,2024-06-24,2024-06-28,586.29,1008.64
LN000622,10622,20970,15.86,2023-05-09,Current,114316,1 year,2024-05-03,2024-05-07,822.42,1241.18
LN000623,10623,27426,15.8,2022-08-30,Current,45419,10+ years,2023-08-25,2023-08-30,1015.29,437.19
LN000624,10624,26323,15.99,2024-04-21,Current,105749,3 years,2024-06-20,2024-06-19,1015.69,1122.61
LN000625,10625,29832,11.89,2023-10-23,Late,48732,1 year,2024-01-21,2024-04-09,1063.36,912.93
LN000626,10626,5012,19.63,2023-11-08,Current,164265,2 years,2024-06-05,2024-06-10,1117.82,534.8
LN000627,10627,25748,11.4,2024-03-24,Fully Paid,104835,3 years,2025-03-19,2025-03-22,999.27,1488.35
LN000628,10628,45074,23.76,2023-02-18,Fully Paid,102118,<1 year,2023-08-17,2023-08-15,972.04,301.01
LN000629,10629,28543,7.97,2022-10-16,Fully Paid,86667,3 years,2023-10-11,2023-10-15,1154.13,1050.26
LN000630,10630,31609,12.87,2023-07-13,Current,70458,3 years,2023-10-11,2023-10-12,1311.99,966.51
LN000631,10631,28611,21.12,2022-06-07,Current,57911,1 year,2022-07-07,2022-07-06,472.8,1078.07
LN000632,10632,36896,17.84,2022-05-20,Current,134014,3 years,2023-05-15,2023-05-19,845.27,1047.9
LN000633,10633,32795,15.94,2023-04-06,Current,84176,1 year,2023-11-02,2023-10-31,1316.16,993.53
LN000634,10634,20515,18.82,2022-10-03,Current,168174,5 years,2023-04-01,2023-03-30,981.78,1473.88
LN000635,10635,29155,8.04,2023-05-09,Fully Paid,45988,1 year,2024-05-03,2024-05-05,393.88,857.92
LN000636,10636,44981,7.59,2023-04-29,Late,45468,10+ years,2024-03-24,2024-06-06,675.0,818.29
LN000637,10637,8458,22.26,2023-07-02,Default,147911,3 years,2024-03-28,,1387.27,0
LN000638,10638,42615,19.21,2023-03-08,Current,102232,2 years,2023-06-06,2023-06-04,1017.16,1134.06
LN000639,10639,24927,19.09,2023-08-01,Current,149036,5 years,2023-10-30,2023-10-28,650.1,1087.58
LN000640,10640,45915,6.49,2023-05-12,Current,157538,<1 year,2023-10-09,2023-10-11,637.17,459.05
LN000641,10641,21839,6.26,2022-04-25,Late,64619,10+ years,2022-12-21,2023-02-11,613.5,827.06
LN000642,10642,20479,14.73,2024-03-29,In Grace Period,33674,2 years,2024-05-28,2024-05-28,1286.07,1014.65
LN000643,10643,37502,19.55,2023-02-27,Default,87376,10+ years,2023-10-25,,1171.2,0
LN000644,10644,15963,9.8,2024-01-22,Fully Paid,39241,10+ years,2024-06-20,2024-06-19,856.82,363.03
LN000645,10645,36210,11.42,2024-02-04,Fully Paid,164597,1 year,2024-09-01,2024-09-05,474.18,869.51
LN000646,10646,33490,6.21,2024-03-27,Current,107755,5 years,2025-02-20,2025-02-18,937.55,416.84
LN000647,10647,28188,23.21,2023-03-19,Late,96457,2 years,2023-08-16,2023-09-24,606.41,822.08
LN000648,10648,43284,13.04,2024-03-02,Late,88385,10+ years,2025-01-26,2025-04-16,923.94,793.45
LN000649,10649,49414,18.43,2022-07-04,Current,27772,10+ years,2022-08-03,2022-08-02,417.24,314.35
LN000650,10650,11809,18.34,2022-12-26,Current,99264,2 years,2023-04-25,2023-04-23,410.33,328.44
LN000651,10651,43937,17.82,2024-05-05,Current,56926,10+ years,2024-07-04,2024-07-03,455.89,1327.73
LN000652,10652,48017,19.75,2023-10-26,In Grace Period,73435,<1 year,2024-10-20,2024-10-20,860.35,604.0
LN000653,10653,9962,17.5,2022-10-11,Default,109778,2 years,2023-01-09,,1236.88,0
LN000654,10654,23172,19.99,2023-01-27,Current,40744,2 years,2023-06-26,2023-06-26,890.07,828.69
LN000655,10655,18151,16.99,2022-07-02,Late,53424,1 year,2023-03-29,2023-05-28,1072.01,296.55
LN000656,10656,33939,18.88,2022-04-16,Current,43458,5 years,2023-04-11,2023-04-13,322.52,1232.68
LN000657,10657,37617,8.68,2023-10-18,Current,34918,10+ years,2024-05-15,2024-05-17,695.8,481.93
LN000658,10658,30646,16.34,2023-06-12,Late,153628,3 years,2024-01-08,2024-03-04,1237.12,859.64
LN000659,10659,9594,15.72,2022-01-04,Current,151370,<1 year,2022-10-31,2022-11-03,663.39,700.13
LN000660,10660,8617,17.38,2023-10-25,Current,165149,2 years,2023-12-24,2023-12-29,647.95,1212.54
LN000661,10661,18311,9.18,2022-02-10,Fully Paid,75070,2 years,2023-02-05,2023-02-09,1056.74,1375.75
LN000662,10662,28544,14.76,2023-10-10,Current,74666,1 year,2023-11-09,2023-11-10,1495.66,330.44
LN000663,10663,20629,14.81,2022-03-06,Default,105669,3 years,2022-12-01,,1457.94,0
LN000664,10664,34445,23.4,2022-01-17,Current,39694,2 years,2023-01-12,2023-01-10,554.01,786.61
LN000665,10665,47850,18.01,2023-04-15,Fully Paid,165656,1 year,2024-04-09,2024-04-10,344.25,1409.78
LN000666,10666,14279,14.8,2022-01-20,Current,37006,1 year,2023-01-15,2023-01-15,1059.19,317.24
LN000667,10667,25141,20.77,2022-04-10,Current,69745,5 years,2022-06-09,2022-06-08,1013.97,437.02
LN000668,10668,45345,9.97,2024-04-03,Current,113432,10+ years,2025-02-27,2025-03-03,1471.02,689.08
LN000669,10669,42746,15.83,2022-11-26,Fully Paid,80897,<1 year,2023-09-22,2023-09-22,444.89,702.6
LN000670,10670,14256,19.64,2022-06-22,Late,170072,1 year,2023-02-17,2023-03-25,348.84,933.11
LN000671,10671,11551,20.24,2023-10-10,Late,66354,<1 year,2024-06-06,2024-06-21,515.3,105.71
LN000672,10672,10841,18.72,2023-08-31,Fully Paid,134110,10+ years,2024-04-27,2024-04-27,1067.79,547.39
LN000673,10673,39281,14.11,2022-09-02,Fully Paid,34862,5 years,2022-12-01,2022-12-06,405.63,1034.46
LN000674,10674,24739,12.26,2022-01-05,In Grace Period,75306,<1 year,2022-10-02,2022-10-01,1335.28,1042.71
LN000675,10675,40371,15.14,2023-04-21,Default,79554,2 years,2023-05-21,,532.46,0
LN000676,10676,14779,18.33,2023-05-01,Current,66880,10+ years,2023-05-31,2023-05-29,642.08,1073.83
LN000677,10677,33486,10.52,2023-09-24,Fully Paid,143789,<1 year,2023-11-23,2023-11-21,511.07,1409.83
LN000678,10678,6904,14.73,2022-04-29,Current,86682,10+ years,2022-12-25,2022-12-28,1196.5,802.88
LN000679,10679,26344,10.14,2022-04-23,Current,50706,1 year,2023-04-18,2023-04-22,750.64,1343.86
LN000680,10680,19461,7.32,2023-08-23,Current,139259,1 year,2023-12-21,2023-12-26,748.18,513.67
LN000681,10681,34998,18.96,2023-10-10,Current,95698,1 year,2024-04-07,2024-04-07,982.4,338.51
LN000682,10682,23389,8.46,2024-05-22,Current,134634,1 year,2024-11-18,2024-11-19,1024.36,1363.69
LN000683,10683,46811,23.15,2022-06-24,In Grace Period,169901,1 year,2022-08-23,2022-08-27,887.06,1328.37
LN000684,10684,19184,16.65,2024-05-07,Current,28802,10+ years,2024-12-03,2024-12-04,821.1,597.4
LN000685,10685,19575,22.05,2023-08-29,Fully Paid,175392,<1 year,2024-03-26,2024-03-24,864.78,348.07
LN000686,10686,38044,6.61,2023-06-28,Current,50689,3 years,2024-02-23,2024-02-24,1203.69,399.71
LN000687,10687,31648,23.1,2022-05-16,Current,87668,10+ years,2022-07-15,2022-07-13,665.8,875.74
LN000688,10688,35099,21.44,2024-02-05,In Grace Period,144233,3 years,2024-05-05,2024-05-09,1345.86,521.93
LN000689,10689,46078,14.36,2023-10-11,Current,43533,3 years,2024-10-05,2024-10-08,655.91,937.1
LN000690,10690,22680,18.56,2023-09-20,In Grace Period,79302,10+ years,2023-11-19,2023-11-22,365.77,1182.91
LN000691,10691,49214,12.55,2022-02-22,Current,120837,3 years,2022-12-19,2022-12-17,510.32,738.69
LN000692,10692,41620,18.69,2023-07-29,Late,78664,1 year,2024-01-25,2024-02-29,1078.85,585.67
LN000693,10693,43018,21.68,2023-12-21,Current,84097,2 years,2024-06-18,2024-06-20,807.51,904.28
LN000694,10694,8569,7.14,2022-12-20,Current,156452,5 years,2023-02-18,2023-02-23,1113.97,1151.79
LN000695,10695,39921,22.19,2023-04-08,Late,42203,1 year,2023-12-04,2023-12-20,1377.54,172.15
LN000696,10696,23898,23.25,2022-03-20,Current,97336,<1 year,2023-03-15,2023-03-15,1349.99,895.59
LN000697,10697,39123,23.14,2022-01-24,Current,166933,1 year,2022-09-21,2022-09-24,1185.25,804.16
LN000698,10698,6407,11.25,2022-03-06,Current,85903,5 years,2023-01-30,2023-02-02,711.35,794.03
LN000699,10699,47339,20.16,2023-05-13,In Grace Period,163979,5 years,2024-01-08,2024-01-13,458.35,664.9
LN000700,10700,25086,9.09,2022-09-24,Current,122491,2 years,2022-10-24,2022-10-24,847.11,723.75
LN000701,10701,15902,17.14,2022-06-14,Late,99775,1 year,2022-09-12,2022-12-11,493.51,815.01
LN000702,10702,12662,6.74,2022-11-21,In Grace Period,140576,2 years,2023-05-20,2023-05-20,1148.56,546.19
LN000703,10703,48617,11.7,2022-12-19,Current,142552,5 years,2023-03-19,2023-03-21,329.91,445.79
LN000704,10704,37729,19.83,2023-04-15,Fully Paid,65908,<1 year,2024-04-09,2024-04-12,654.67,1076.69
LN000705,10705,23994,23.45,2024-02-12,Fully Paid,175399,10+ years,2024-05-12,2024-05-17,434.78,706.42
LN000706,10706,36390,22.2,2022-05-23,Late,55638,2 years,2022-06-22,2022-08-17,564.44,655.77
LN000707,10707,28422,7.66,2022-02-26,Late,76157,5 years,2022-11-23,2022-12-26,1220.51,803.16
LN000708,10708,17826,6.41,2023-07-06,Fully Paid,47905,5 years,2024-02-01,2024-02-02,1023.81,888.56
LN000709,10709,38525,22.98,2023-11-14,Current,63783,10+ years,2024-06-11,2024-06-14,314.63,763.34
LN000710,10710,27604,12.32,2023-04-02,Fully Paid,47963,1 year,2024-03-27,2024-04-01,798.73,1189.83
LN000711,10711,33999,11.2,2024-04-05,Late,136105,10+ years,2024-11-01,2024-11-23,1017.52,851.96
LN000712,10712,14413,9.74,2023-05-02,Fully Paid,162704,2 years,2023-07-01,2023-07-05,791.35,406.14
LN000713,10713,22912,13.46,2023-07-24,Current,173875,1 year,2023-11-21,2023-11-21,647.36,1298.74
LN000714,10714,37151,6.76,2024-04-26,Current,178408,2 years,2024-12-22,2024-12-27,1249.46,569.42
LN000715,10715,15094,10.73,2023-10-18,Fully Paid,148873,<1 year,2024-09-12,2024-09-14,890.26,800.59
LN000716,10716,47256,10.41,2022-05-03,Default,154250,<1 year,2023-02-27,,1194.68,0
LN000717,10717,43080,14.65,2023-03-23,Fully Paid,149791,10+ years,2023-05-22,2023-05-25,990.32,915.03
LN000718,10718,22009,8.93,2022-03-01,Current,145859,10+ years,2022-05-30,2022-06-02,627.2,495.97
LN000719,10719,32493,17.45,2022-12-31,Current,101457,5 years,2023-11-26,2023-11-25,1219.73,916.64
LN000720,10720,17009,19.76,2023-09-06,Default,167530,2 years,2024-03-04,,1292.19,0
LN000721,10721,49890,20.4,2022-10-05,Late,120033,<1 year,2023-07-02,2023-09-19,472.46,416.47
LN000722,10722,13975,15.33,2023-01-17,Default,133001,2 years,2023-04-17,,422.9,0
LN000723,10723,15128,15.06,2024-05-01,Current,171448,5 years,2025-04-26,2025-04-25,1399.24,800.82
LN000724,10724,12639,20.74,2022-01-18,Current,106677,10+ years,2022-07-17,2022-07-17,1367.67,1280.45
LN000725,10725,44167,15.42,2022-12-17,Current,104871,<1 year,2023-12-12,2023-12-11,1328.18,566.83
LN000726,10726,14329,18.38,2022-11-11,Current,59135,<1 year,2023-06-09,2023-06-08,1229.63,393.28
LN000727,10727,33262,6.77,2022-04-21,Current,159605,5 years,2022-05-21,2022-05-26,603.61,442.71
LN000728,10728,9341,11.43,2022-01-11,Default,57451,5 years,2022-05-11,,1005.12,0
LN000729,10729,18108,9.33,2022-12-26,Current,63156,10+ years,2023-05-25,2023-05-28,1326.17,722.64
LN000730,10730,45170,10.35,2023-08-07,Current,176554,<1 year,2024-05-03,2024-05-04,1457.12,1158.97
LN000731,10731,16257,22.23,2023-07-05,Current,50869,1 year,2024-03-31,2024-04-05,1007.26,739.76
LN000732,10732,33813,18.12,2022-04-20,Current,118014,3 years,2022-11-16,2022-11-17,789.09,917.1
LN000733,10733,25596,8.23,2022-04-23,In Grace Period,154975,2 years,2023-04-18,2023-04-20,348.73,968.56
LN000734,10734,26503,14.89,2023-01-30,Current,106790,10+ years,2023-09-27,2023-09-28,648.71,964.7
LN000735,10735,33046,9.4,2022-03-13,Fully Paid,149695,10+ years,2022-09-09,2022-09-09,1108.99,315.34
LN000736,10736,49046,7.89,2023-03-25,In Grace Period,47283,<1 year,2023-06-23,2023-06-27,1008.67,780.75
LN000737,10737,11666,19.35,2022-06-22,Current,77189,2 years,2022-10-20,2022-10-24,1305.73,447.31
LN000738,10738,37709,11.01,2024-01-01,Default,96558,10+ years,2024-07-29,,727.32,0
LN000739,10739,48691,16.86,2023-02-19,Fully Paid,159064,2 years,2023-05-20,2023-05-25,600.83,429.64
LN000740,10740,37589,10.15,2022-05-18,Current,38854,<1 year,2023-01-13,2023-01-11,759.16,1466.49
LN000741,10741,49512,11.89,2022-11-07,Late,50253,<1 year,2023-10-03,2023-12-13,1251.28,790.81
LN000742,10742,18233,11.28,2023-05-25,Current,93593,5 years,2023-11-21,2023-11-19,337.92,1443.1
LN000743,10743,33207,21.84,2022-05-02,Current,107459,3 years,2022-12-28,2023-01-02,512.24,343.18
LN000744,10744,48215,21.49,2022-11-07,Fully Paid,68029,3 years,2023-06-05,2023-06-05,766.9,674.95
LN000745,10745,12168,16.24,2023-05-18,Late,166398,5 years,2024-01-13,2024-03-18,487.57,606.03
LN000746,10746,8652,13.04,2023-05-22,In Grace Period,124037,5 years,2024-04-16,2024-04-19,641.33,1219.76
LN000747,10747,9025,6.51,2022-02-16,Current,121052,2 years,2023-02-11,2023-02-09,1050.18,1218.23
LN000748,10748,29941,7.75,2022-12-20,Fully Paid,132984,2 years,2023-01-19,2023-01-20,1077.7,597.14
LN000749,10749,43832,7.53,2023-12-06,Current,104930,<1 year,2024-06-03,2024-06-03,691.34,323.65
LN000750,10750,35206,17.84,2023-03-09,In Grace Period,135407,2 years,2023-04-08,2023-04-13,1482.92,1005.59
LN000751,10751,29755,16.27,2022-11-27,In Grace Period,153020,<1 year,2023-11-22,2023-11-23,903.32,703.16
LN000752,10752,48737,12.11,2023-09-22,Current,139292,1 year,2024-05-19,2024-05-18,943.0,1308.46
LN000753,10753,23832,10.77,2022-11-01,Fully Paid,130389,1 year,2023-08-28,2023-08-27,993.83,1161.25
LN000754,10754,43788,12.06,2022-03-10,In Grace Period,164215,3 years,2022-10-06,2022-10-07,391.99,716.78
LN000755,10755,24781,15.08,2022-11-04,Current,166544,2 years,2023-03-04,2023-03-08,1049.96,782.76
LN000756,10756,34702,18.09,2023-07-15,Current,29876,10+ years,2024-07-09,2024-07-09,555.54,992.21
LN000757,10757,35624,10.82,2023-10-16,In Grace Period,138698,5 years,2024-10-10,2024-10-08,737.13,926.72
LN000758,10758,14682,10.33,2024-02-04,Late,103715,3 years,2024-09-01,2024-10-16,1393.37,874.17
LN000759,10759,46545,9.66,2023-02-27,Current,100247,10+ years,2023-05-28,2023-05-30,583.36,1124.23
LN000760,10760,20629,8.04,2022-07-16,Current,106406,3 years,2023-03-13,2023-03-17,1386.79,806.42
LN000761,10761,18237,8.87,2022-05-20,Current,97816,10+ years,2023-02-14,2023-02-14,350.68,1073.15
LN000762,10762,36840,20.08,2022-02-26,Fully Paid,47001,2 years,2022-12-23,2022-12-25,1380.69,1340.61
LN000763,10763,31673,22.14,2023-11-19,Late,48673,3 years,2024-11-13,2024-12-05,985.17,312.44
LN000764,10764,37784,22.79,2023-06-19,Late,177153,5 years,2023-11-16,2024-01-23,585.69,896.11
LN000765,10765,13013,19.92,2022-11-17,Current,178177,10+ years,2023-06-15,2023-06-16,561.61,1422.6
LN000766,10766,12000,9.15,2022-10-09,Current,91664,5 years,2022-11-08,2022-11-13,1139.54,940.16
LN000767,10767,12403,11.7,2023-03-10,Current,89578,2 years,2023-06-08,2023-06-11,741.29,870.27
LN000768,10768,25196,6.38,2023-09-13,Current,39332,10+ years,2024-08-08,2024-08-09,761.63,603.58
LN000769,10769,46874,23.25,2023-01-07,Fully Paid,56995,5 years,2023-05-07,2023-05-12,1391.75,766.17
LN000770,10770,30754,22.7,2022-09-19,Current,86724,2 years,2023-01-17,2023-01-17,1057.62,1399.07
LN000771,10771,47233,13.31,2022-02-04,Current,45996,3 years,2022-10-02,2022-10-06,699.27,1411.8
LN000772,10772,32680,21.78,2024-04-19,Current,67033,10+ years,2024-09-16,2024-09-15,1022.54,722.23
LN000773,10773,40895,19.28,2023-04-10,Late,38657,10+ years,2024-03-05,2024-04-02,1249.22,667.14
LN000774,10774,13918,6.06,2022-07-24,Late,107240,5 years,2022-09-22,2022-10-11,919.64,242.04
LN000775,10775,47544,19.74,2024-05-17,In Grace Period,132561,2 years,2025-01-12,2025-01-17,460.21,1348.21
LN000776,10776,16369,18.37,2024-04-26,Current,98871,1 year,2024-06-25,2024-06-29,772.19,741.12
LN000777,10777,29728,23.01,2023-08-08,Current,31021,5 years,2024-07-03,2024-07-04,1468.95,1388.21
LN000778,10778,17993,10.71,2024-05-22,Current,130128,5 years,2024-12-18,2024-12-20,1449.64,479.1
LN000779,10779,16149,23.05,2022-05-01,Current,162845,3 years,2022-12-27,2023-01-01,1156.28,442.21
LN000780,10780,17487,23.03,2024-04-12,Default,100487,10+ years,2024-12-08,,758.49,0
LN000781,10781,33266,21.41,2023-09-07,Current,99178,10+ years,2024-08-02,2024-08-03,790.23,802.0
LN000782,10782,14564,6.52,2022-09-26,Current,143220,1 year,2023-03-25,2023-03-30,862.66,402.89
LN000783,10783,26184,23.54,2023-02-12,Late,125531,10+ years,2023-09-10,2023-11-30,414.34,330.6
LN000784,10784,8850,6.94,2022-08-29,Current,117878,5 years,2023-07-25,2023-07-23,905.45,306.43
LN000785,10785,29965,11.45,2023-02-09,Late,59665,5 years,2023-03-11,2023-05-29,503.84,261.44
LN000786,10786,37298,22.75,2024-06-17,Current,48500,2 years,2025-06-12,2025-06-16,440.21,470.15
LN000787,10787,7894,23.61,2023-05-27,Fully Paid,98662,10+ years,2023-11-23,2023-11-27,1352.32,639.51
LN000788,10788,45169,20.93,2022-09-28,In Grace Period,139235,1 year,2023-03-27,2023-04-01,481.52,1216.41
LN000789,10789,48084,17.46,2023-03-27,Current,63960,<1 year,2023-07-25,2023-07-25,612.27,343.03
LN000790,10790,35614,13.86,2023-05-22,Current,118459,10+ years,2024-02-16,2024-02-21,434.99,849.31
LN000791,10791,14702,8.23,2022-04-06,Current,99479,1 year,2022-07-05,2022-07-07,1095.77,975.9
LN000792,10792,18919,16.5,2022-01-05,In Grace Period,174628,1 year,2022-08-03,2022-08-02,897.73,595.39
LN000793,10793,11180,21.97,2022-01-27,Current,56979,3 years,2022-07-26,2022-07-25,484.53,1304.37
LN000794,10794,10312,14.28,2023-12-26,Late,144027,10+ years,2024-05-24,2024-08-13,695.31,692.21
LN000795,10795,7873,17.81,2023-04-09,Current,174201,1 year,2023-08-07,2023-08-05,639.54,1261.87
LN000796,10796,8639,19.39,2023-07-15,Fully Paid,124979,<1 year,2024-02-10,2024-02-12,1458.06,513.61
LN000797,10797,31143,7.61,2024-05-22,Current,126843,3 years,2024-10-19,2024-10-19,889.01,444.72
LN000798,10798,33335,19.25,2022-11-14,Fully Paid,59416,2 years,2023-10-10,2023-10-09,915.18,1298.46
LN000799,10799,37087,14.02,2023-02-02,Current,172602,5 years,2023-08-31,2023-08-30,1273.19,1207.79
LN000800,10800,45230,9.35,2023-10-08,Current,35600,5 years,2024-04-05,2024-04-10,1077.13,1111.73
LN000801,10801,15162,22.75,2023-06-24,Late,162541,<1 year,2023-11-21,2024-01-24,1388.65,493.62
LN000802,10802,36300,11.41,2022-05-11,Late,103750,1 year,2023-02-05,2023-04-05,357.27,365.93
LN000803,10803,10015,22.51,2023-06-10,Current,136388,3 years,2023-08-09,2023-08-14,982.17,1093.03
LN000804,10804,21605,12.4,2023-08-23,Current,156974,<1 year,2023-10-22,2023-10-27,518.65,515.46
LN000805,10805,30752,6.81,2023-03-03,Fully Paid,103026,2 years,2023-12-28,2024-01-02,839.94,1208.83
LN000806,10806,22371,12.14,2024-06-11,Fully Paid,80330,1 year,2024-08-10,2024-08-12,427.6,1345.94
LN000807,10807,40020,6.32,2023-02-09,Current,70019,10+ years,2023-10-07,2023-10-12,1342.54,1130.17
LN000808,10808,44445,19.07,2022-11-07,Late,119562,10+ years,2023-10-03,2023-11-27,405.16,824.18
LN000809,10809,13854,6.25,2022-04-25,Fully Paid,74341,<1 year,2022-08-23,2022-08-28,1079.69,1078.35
LN000810,10810,33559,21.16,2024-05-28,Default,75047,<1 year,2024-10-25,,1223.67,0
LN000811,10811,14710,14.53,2022-01-23,Current,64956,10+ years,2023-01-18,2023-01-23,865.79,1456.64
LN000812,10812,34459,16.53,2022-07-26,Current,127690,<1 year,2023-01-22,2023-01-20,1317.16,423.2
LN000813,10813,33297,23.63,2024-05-18,Current,176692,5 years,2025-05-13,2025-05-15,779.62,344.42
LN000814,10814,38643,16.64,2023-09-19,Fully Paid,152900,1 year,2024-09-13,2024-09-11,806.41,933.97
LN000815,10815,25699,15.96,2022-10-02,Fully Paid,134350,3 years,2022-12-01,2022-12-06,1075.42,1047.24
LN000816,10816,34381,18.56,2022-01-22,Current,75384,3 years,2022-07-21,2022-07-26,563.64,578.52
LN000817,10817,49890,12.1,2023-09-09,Fully Paid,147805,1 year,2024-02-06,2024-02-10,1299.7,1451.76
LN000818,10818,49112,17.75,2023-01-04,Default,67474,5 years,2023-05-04,,638.95,0
LN000819,10819,10648,18.01,2022-05-13,Current,65976,5 years,2023-01-08,2023-01-07,1431.67,1252.18
LN000820,10820,37356,11.47,2022-08-03,In Grace Period,29752,2 years,2022-12-31,2023-01-03,509.66,1112.31
LN000821,10821,37995,6.58,2022-03-07,Current,54876,5 years,2022-07-05,2022-07-04,883.64,974.38
LN000822,10822,27303,20.13,2024-02-27,Current,171020,2 years,2024-05-27,2024-05-26,1411.96,1147.69
LN000823,10823,33693,20.38,2024-05-11,Default,52758,5 years,2025-03-07,,1238.59,0
LN000824,10824,11676,20.82,2022-02-12,In Grace Period,68790,10+ years,2022-04-13,2022-04-14,488.44,1393.18
LN000825,10825,24144,18.75,2024-02-20,In Grace Period,51029,1 year,2025-01-15,2025-01-18,465.33,701.53
LN000826,10826,18231,13.9,2023-03-02,Default,26726,1 year,2023-10-28,,709.58,0
LN000827,10827,38097,9.08,2022-09-30,Current,133792,2 years,2023-08-26,2023-08-27,1204.21,481.93
LN000828,10828,32637,20.17,2022-05-22,Fully Paid,133372,3 years,2023-01-17,2023-01-20,831.09,1432.49
LN000829,10829,5651,18.92,2023-06-14,Fully Paid,47224,2 years,2023-12-11,2023-12-15,497.19,1478.33
LN000830,10830,9028,13.08,2022-02-07,Late,64571,5 years,2022-03-09,2022-06-02,1258.88,982.04
LN000831,10831,39064,23.51,2023-03-06,Current,170125,2 years,2024-02-29,2024-03-03,309.48,1391.08
LN000832,10832,23335,22.2,2023-09-18,Fully Paid,130889,3 years,2024-08-13,2024-08-14,1049.23,1365.1
LN000833,10833,45513,17.74,2023-12-16,Current,131038,1 year,2024-05-14,2024-05-13,701.39,344.36
LN000834,10834,13257,15.37,2023-07-08,Current,49332,5 years,2024-04-03,2024-04-05,1208.46,925.6
LN000835,10835,15487,6.42,2024-03-26,In Grace Period,92814,1 year,2024-08-23,2024-08-27,432.53,1484.35
LN000836,10836,8928,21.15,2022-09-23,Late,117923,<1 year,2022-10-23,2023-01-19,838.48,947.21
LN000837,10837,42515,19.26,2023-04-10,Current,86891,10+ years,2024-02-04,2024-02-05,641.44,720.4
LN000838,10838,42536,18.1,2024-01-02,Current,89915,<1 year,2024-06-30,2024-07-01,733.52,1287.41
LN000839,10839,11421,8.64,2023-03-12,Fully Paid,46481,<1 year,2023-04-11,2023-04-15,871.5,1366.21
LN000840,10840,34239,7.41,2023-11-25,In Grace Period,179203,5 years,2024-08-21,2024-08-25,1001.16,1346.42
LN000841,10841,46711,13.62,2023-03-27,Late,153330,10+ years,2023-10-23,2023-11-17,452.55,229.91
LN000842,10842,34996,8.33,2023-12-23,In Grace Period,163711,<1 year,2024-12-17,2024-12-18,339.13,846.52
LN000843,10843,15278,22.99,2023-01-14,Fully Paid,56133,5 years,2023-08-12,2023-08-11,986.12,445.04
LN000844,10844,7639,15.41,2022-05-01,Current,123162,2 years,2022-09-28,2022-10-03,471.44,333.57
LN000845,10845,43641,13.59,2022-11-09,Fully Paid,81513,1 year,2023-11-04,2023-11-09,957.04,302.5
LN000846,10846,9427,21.67,2023-03-04,Current,106186,5 years,2023-10-30,2023-11-02,870.27,1237.62
LN000847,10847,44695,8.39,2022-05-22,In Grace Period,145831,3 years,2023-04-17,2023-04-22,1173.44,478.78
LN000848,10848,10853,20.4,2023-11-12,Late,126511,1 year,2024-06-09,2024-07-27,1449.7,586.9
LN000849,10849,34038,19.25,2023-10-24,Current,68414,10+ years,2023-11-23,2023-11-25,448.54,973.25
LN000850,10850,41657,7.53,2023-09-26,In Grace Period,38860,5 years,2024-06-22,2024-06-23,903.17,1200.67
LN000851,10851,6223,8.17,2023-06-29,Current,29973,2 years,2023-10-27,2023-10-28,1306.7,1295.63
LN000852,10852,42981,14.0,2024-04-06,In Grace Period,108999,3 years,2025-01-31,2025-01-29,1420.62,889.77
LN000853,10853,27279,13.87,2023-03-01,Current,163386,2 years,2023-09-27,2023-09-29,1475.74,409.23
LN000854,10854,40506,9.03,2022-05-28,Current,48495,1 year,2022-10-25,2022-10-29,370.7,1114.33
LN000855,10855,26318,9.27,2024-01-01,Current,127220,<1 year,2024-06-29,2024-06-29,689.06,795.39
LN000856,10856,29609,22.95,2022-05-04,Current,87815,5 years,2023-02-28,2023-03-01,1202.87,891.58
LN000857,10857,30234,23.09,2022-10-03,Current,146850,5 years,2023-05-01,2023-04-30,788.99,881.01
LN000858,10858,20318,22.45,2022-01-20,Current,178661,10+ years,2022-03-21,2022-03-22,1081.86,1215.57
LN000859,10859,13229,11.48,2023-02-21,Current,156185,1 year,2023-05-22,2023-05-25,501.83,948.53
LN000860,10860,21066,15.68,2023-03-10,Fully Paid,170529,3 years,2023-04-09,2023-04-07,1453.34,1275.17
LN000861,10861,45680,11.21,2022-06-21,Current,151402,2 years,2023-04-17,2023-04-19,756.18,1307.39
LN000862,10862,28030,21.16,2022-08-06,In Grace Period,158779,2 years,2022-09-05,2022-09-05,975.7,1187.02
LN000863,10863,24702,7.61,2023-12-17,Current,61608,10+ years,2024-09-12,2024-09-14,553.02,1353.94
LN000864,10864,38083,23.23,2022-11-22,Fully Paid,114819,10+ years,2023-04-21,2023-04-26,1094.73,627.62
LN000865,10865,26078,12.15,2023-04-16,Fully Paid,111103,<1 year,2024-04-10,2024-04-10,302.46,1075.73
LN000866,10866,36229,6.08,2022-01-10,Late,133308,5 years,2023-01-05,2023-03-13,945.76,786.22
LN000867,10867,47539,17.72,2023-07-06,Current,141700,10+ years,2023-09-04,2023-09-07,751.65,1466.45
LN000868,10868,44407,12.44,2022-07-01,Fully Paid,27210,<1 year,2023-02-26,2023-03-01,833.49,1423.5
LN000869,10869,19517,19.38,2024-02-16,Current,118800,1 year,2024-04-16,2024-04-18,565.38,1270.1
LN000870,10870,37362,23.41,2022-02-07,Current,79810,<1 year,2022-06-07,2022-06-11,632.82,433.14
LN000871,10871,37789,14.89,2023-07-20,Current,173296,10+ years,2024-06-14,2024-06-14,453.9,378.43
LN000872,10872,9263,8.29,2023-08-07,Fully Paid,162122,10+ years,2024-01-04,2024-01-05,327.74,1317.2
LN000873,10873,49416,15.59,2022-09-16,Late,143994,<1 year,2023-04-14,2023-07-10,1080.04,705.79
LN000874,10874,26168,13.79,2023-02-21,Current,160867,3 years,2023-10-19,2023-10-22,352.16,920.71
LN000875,10875,19715,6.85,2023-03-07,In Grace Period,107900,<1 year,2023-10-03,2023-10-04,1356.12,701.65
LN000876,10876,6662,23.82,2022-08-20,Fully Paid,136101,<1 year,2022-12-18,2022-12-19,672.97,497.38
LN000877,10877,46025,17.26,2022-01-29,Current,31297,5 years,2022-12-25,2022-12-28,596.58,1308.61
LN000878,10878,36036,10.29,2022-12-15,Fully Paid,112448,5 years,2023-04-14,2023-04-13,1043.48,1230.9
LN000879,10879,11269,17.26,2023-08-16,Current,40908,<1 year,2024-03-13,2024-03-16,1132.04,1368.1
LN000880,10880,13358,7.12,2024-04-01,Current,104028,5 years,2025-02-25,2025-03-01,1113.08,378.95
LN000881,10881,41651,6.94,2024-05-20,Current,50121,5 years,2024-12-16,2024-12-17,1244.97,1337.5
LN000882,10882,45894,6.19,2023-01-29,Current,137225,5 years,2023-11-25,2023-11-24,1425.1,707.54
LN000883,10883,6702,14.17,2022-12-03,In Grace Period,53313,<1 year,2023-01-02,2023-01-01,1308.94,1011.46
LN000884,10884,42566,8.27,2023-06-06,Current,135364,3 years,2024-05-31,2024-06-05,465.21,523.11
LN000885,10885,7888,7.09,2022-11-16,In Grace Period,159512,10+ years,2023-05-15,2023-05-17,949.37,1000.4
LN000886,10886,14543,8.65,2022-11-13,Late,101300,2 years,2022-12-13,2023-02-22,1113.96,627.8
LN000887,10887,8756,10.27,2024-04-18,Fully Paid,39314,3 years,2024-10-15,2024-10-16,1068.67,1471.81
LN000888,10888,18189,20.13,2022-12-16,Current,149708,10+ years,2023-12-11,2023-12-16,697.37,1019.71
LN000889,10889,42906,16.19,2022-12-10,Late,134758,2 years,2023-03-10,2023-03-28,1247.03,508.87
LN000890,10890,7765,14.93,2022-01-04,Late,85364,3 years,2022-10-31,2022-12-02,1181.5,315.12
LN000891,10891,26726,20.53,2023-01-20,Current,73298,<1 year,2023-07-19,2023-07-17,336.02,388.48
LN000892,10892,12549,8.56,2023-03-27,Current,178534,2 years,2023-04-26,2023-04-24,640.92,538.95
LN000893,10893,19348,21.94,2024-01-07,Current,170360,1 year,2024-04-06,2024-04-07,1311.46,325.79
LN000894,10894,11631,6.38,2023-11-25,Current,54089,2 years,2024-03-24,2024-03-26,743.57,847.44
LN000895,10895,29402,17.9,2023-06-24,Fully Paid,138696,10+ years,2023-08-23,2023-08-22,1408.99,473.32
LN000896,10896,17428,9.45,2023-01-23,Late,108349,5 years,2023-08-21,2023-11-15,355.43,320.09
LN000897,10897,45372,16.57,2024-05-24,In Grace Period,63945,2 years,2024-09-21,2024-09-19,636.09,1055.35
LN000898,10898,13287,21.33,2023-08-22,Fully Paid,79850,10+ years,2023-10-21,2023-10-26,1037.86,1249.2
LN000899,10899,15972,15.16,2024-02-09,Fully Paid,158472,2 years,2024-10-06,2024-10-11,1154.98,514.8
LN000900,10900,39437,18.5,2024-01-03,Fully Paid,149192,2 years,2024-10-29,2024-11-02,1248.75,1065.73
LN000901,10901,47581,6.66,2022-08-13,Fully Paid,143510,1 year,2023-03-11,2023-03-12,1366.45,667.2
LN000902,10902,42445,8.83,2024-05-12,Current,169323,<1 year,2024-08-10,2024-08-09,922.58,654.06
LN000903,10903,20084,16.51,2023-04-22,In Grace Period,113178,3 years,2023-12-18,2023-12-23,741.01,819.01
LN000904,10904,37606,11.71,2023-01-27,Current,140785,1 year,2023-06-26,2023-06-25,398.9,730.91
LN000905,10905,37883,15.23,2023-10-22,Current,97463,1 year,2023-12-21,2023-12-20,345.94,385.62
LN000906,10906,18127,12.01,2023-11-23,Current,104355,10+ years,2024-10-18,2024-10-20,1024.84,528.77
LN000907,10907,14035,23.97,2024-02-10,Late,167377,2 years,2024-03-11,2024-04-23,715.96,353.66
LN000908,10908,31464,23.02,2024-04-21,In Grace Period,28117,3 years,2025-03-17,2025-03-17,573.09,1338.56
LN000909,10909,18754,14.54,2023-06-13,In Grace Period,169864,3 years,2024-06-07,2024-06-12,403.05,708.79
LN000910,10910,17310,13.72,2023-12-16,Current,139997,3 years,2024-09-11,2024-09-09,993.01,749.64
LN000911,10911,13411,11.5,2024-01-26,Current,117972,2 years,2024-05-25,2024-05-29,1203.15,810.86
LN000912,10912,40232,11.39,2023-08-25,Current,33443,1 year,2023-11-23,2023-11-26,1258.97,981.83
LN000913,10913,44835,16.33,2023-02-05,Fully Paid,78531,3 years,2023-04-06,2023-04-10,430.37,526.01
LN000914,10914,42323,23.31,2023-10-17,Fully Paid,49442,1 year,2023-12-16,2023-12-16,1126.83,338.47
LN000915,10915,37021,6.48,2022-07-23,Current,126159,2 years,2022-11-20,2022-11-21,929.27,649.33
LN000916,10916,34796,7.03,2023-06-15,Current,110661,3 years,2024-01-11,2024-01-11,454.97,1487.51
LN000917,10917,32421,14.61,2022-03-12,Current,79127,1 year,2022-07-10,2022-07-12,1151.61,818.64
LN000918,10918,36115,8.86,2023-08-12,Fully Paid,179007,1 year,2024-05-08,2024-05-13,308.93,630.53
LN000919,10919,14351,14.02,2024-04-24,Current,89707,5 years,2024-10-21,2024-10-26,991.36,852.25
LN000920,10920,10970,11.18,2023-04-13,Current,102974,3 years,2024-02-07,2024-02-07,515.49,798.06
LN000921,10921,45483,19.2,2023-04-14,Current,73088,10+ years,2024-02-08,2024-02-07,1434.82,772.26
LN000922,10922,20708,21.94,2022-06-11,Current,165964,2 years,2023-05-07,2023-05-06,1166.89,1137.65
LN000923,10923,19238,22.36,2023-02-26,Fully Paid,169919,<1 year,2023-08-25,2023-08-24,905.27,1206.48
LN000924,10924,26365,13.38,2022-06-18,Current,157661,<1 year,2023-02-13,2023-02-11,1133.38,387.83
LN000925,10925,35271,12.86,2024-02-03,Current,75961,3 years,2024-03-04,2024-03-02,1150.92,600.73
LN000926,10926,13944,11.89,2024-02-06,Current,145941,<1 year,2024-04-06,2024-04-07,825.27,1156.3
LN000927,10927,35853,20.77,2024-05-11,Current,29735,5 years,2024-07-10,2024-07-10,941.58,652.97
LN000928,10928,30614,9.03,2023-11-19,Default,96631,1 year,2024-07-16,,729.7,0
LN000929,10929,19199,18.86,2023-11-23,In Grace Period,140882,10+ years,2023-12-23,2023-12-22,669.99,768.74
LN000930,10930,8435,16.77,2022-02-19,Default,77884,1 year,2022-08-18,,1390.51,0
LN000931,10931,18106,7.64,2023-03-08,Current,28816,2 years,2023-07-06,2023-07-05,1358.74,564.68
LN000932,10932,48523,9.02,2022-06-21,Current,159348,<1 year,2022-12-18,2022-12-21,527.46,974.46
LN000933,10933,18573,22.82,2023-02-09,Fully Paid,56668,1 year,2023-06-09,2023-06-08,508.35,727.89
LN000934,10934,31354,17.77,2022-01-13,Current,145265,1 year,2022-03-14,2022-03-16,742.78,1079.93
LN000935,10935,9412,21.94,2023-02-25,Current,155960,<1 year,2024-02-20,2024-02-20,413.69,602.33
LN000936,10936,26256,23.67,2023-12-15,Current,59847,2 years,2024-03-14,2024-03-17,1099.64,1473.63
LN000937,10937,9424,12.03,2023-09-16,Fully Paid,142679,3 years,2024-06-12,2024-06-13,1145.55,904.1
LN000938,10938,5871,10.19,2023-09-24,Default,57520,2 years,2024-01-22,,1185.5,0
LN000939,10939,20961,17.16,2022-03-03,Current,155738,2 years,2022-07-01,2022-07-01,1070.45,750.9
LN000940,10940,20601,22.62,2023-09-05,Fully Paid,141320,10+ years,2024-03-03,2024-03-03,1072.32,633.75
LN000941,10941,7595,15.38,2023-03-01,Late,100616,<1 year,2023-06-29,2023-08-15,546.98,408.46
LN000942,10942,8543,22.32,2023-11-12,Fully Paid,83312,5 years,2024-06-09,2024-06-12,1055.74,520.25
LN000943,10943,9234,21.66,2022-03-13,Fully Paid,38659,10+ years,2022-06-11,2022-06-12,508.41,450.67
LN000944,10944,40969,20.96,2022-07-29,Current,45490,3 years,2023-07-24,2023-07-29,1166.01,673.76
LN000945,10945,21051,13.63,2023-09-13,Current,99803,5 years,2024-05-10,2024-05-11,1237.55,626.23
LN000946,10946,10243,23.12,2023-01-04,Current,68978,3 years,2023-09-01,2023-09-05,1181.91,906.35
LN000947,10947,15215,20.75,2024-03-23,Current,124986,3 years,2024-05-22,2024-05-24,483.36,1014.22
LN000948,10948,16514,10.63,2023-04-20,Current,99245,3 years,2024-01-15,2024-01-20,463.99,386.33
LN000949,10949,35753,9.52,2022-07-14,Current,156255,10+ years,2023-07-09,2023-07-12,1410.83,889.74
LN000950,10950,30863,23.47,2023-01-18,Current,105690,10+ years,2023-11-14,2023-11-13,346.59,790.55
LN000951,10951,13157,12.93,2023-08-03,Current,139372,2 years,2024-07-28,2024-07-31,886.35,911.53
LN000952,10952,29129,18.54,2023-10-29,Current,136159,10+ years,2024-02-26,2024-02-27,1405.76,873.27
LN000953,10953,28685,17.36,2023-11-24,Current,63766,2 years,2024-09-19,2024-09-24,476.84,1433.12
LN000954,10954,21214,16.84,2023-11-10,Fully Paid,28234,<1 year,2024-01-09,2024-01-13,1003.39,777.2
LN000955,10955,10265,15.33,2022-07-13,Fully Paid,68469,3 years,2022-12-10,2022-12-12,939.84,900.78
LN000956,10956,30086,16.55,2024-01-22,Current,48297,<1 year,2024-12-17,2024-12-20,622.83,1277.07
LN000957,10957,18731,22.74,2023-02-12,Late,26683,1 year,2023-10-10,2023-10-15,1228.49,187.18
LN000958,10958,32383,15.45,2023-11-02,Current,137970,1 year,2024-01-31,2024-02-03,461.2,523.68
LN000959,10959,36881,9.28,2022-04-23,Current,80724,1 year,2022-08-21,2022-08-19,1271.01,1199.9
LN000960,10960,17575,10.67,2024-06-11,Current,53624,10+ years,2024-09-09,2024-09-08,753.27,651.75
LN000961,10961,23137,7.16,2022-01-31,In Grace Period,150277,3 years,2022-12-27,2022-12-26,619.3,311.41
LN000962,10962,5473,17.98,2024-03-19,Fully Paid,50386,1 year,2024-12-14,2024-12-12,924.09,750.8
LN000963,10963,22421,22.78,2023-04-30,Default,137578,2 years,2023-10-27,,1118.23,0
LN000964,10964,27483,23.99,2024-04-16,Current,119689,10+ years,2024-11-12,2024-11-16,1470.37,1032.97
LN000965,10965,26643,20.51,2022-01-04,Current,130331,10+ years,2022-04-04,2022-04-02,1342.81,1022.29
LN000966,10966,23315,23.12,2024-02-09,Fully Paid,121581,3 years,2024-12-05,2024-12-10,1092.27,917.9
LN000967,10967,5205,23.75,2024-04-12,Current,119425,<1 year,2025-04-07,2025-04-10,580.27,1113.52
LN000968,10968,36754,13.2,2023-09-20,Default,116313,3 years,2024-05-17,,1484.25,0
LN000969,10969,11583,19.22,2022-10-28,Late,62528,5 years,2023-08-24,2023-11-01,897.51,128.57
LN000970,10970,10707,11.42,2023-11-21,Fully Paid,147369,1 year,2024-07-18,2024-07-17,948.8,878.6
LN000971,10971,20948,9.81,2024-02-11,Fully Paid,48444,<1 year,2024-09-08,2024-09-06,1414.76,492.28
LN000972,10972,30132,19.79,2022-08-14,Late,149859,10+ years,2022-10-13,2023-01-11,941.45,222.18
LN000973,10973,37241,7.63,2023-12-10,Current,83669,5 years,2024-10-05,2024-10-04,752.41,1072.78
LN000974,10974,30011,17.77,2024-03-14,In Grace Period,139547,1 year,2024-07-12,2024-07-14,405.22,438.83
LN000975,10975,10841,12.12,2023-08-30,Fully Paid,55436,5 years,2024-02-26,2024-02-26,1444.88,1324.0
LN000976,10976,42808,19.26,2022-11-15,Current,165405,1 year,2023-06-13,2023-06-17,738.03,683.57
LN000977,10977,49518,22.81,2022-05-10,In Grace Period,179868,1 year,2022-07-09,2022-07-13,1322.83,311.03
LN000978,10978,25704,8.6,2022-10-31,Fully Paid,156028,10+ years,2023-06-28,2023-06-28,475.04,1021.76
LN000979,10979,48604,21.28,2024-04-27,Late,108922,2 years,2025-01-22,2025-02-11,1317.2,346.11
LN000980,10980,42615,14.61,2024-04-28,Current,101413,10+ years,2024-11-24,2024-11-22,699.77,1477.37
LN000981,10981,18802,21.27,2024-04-09,Current,38779,1 year,2024-12-05,2024-12-09,1278.01,658.92
LN000982,10982,15432,23.84,2023-07-16,Current,135739,10+ years,2024-03-12,2024-03-15,769.28,1209.26
LN000983,10983,39592,19.08,2022-10-17,Late,76142,10+ years,2023-07-14,2023-09-07,688.1,187.59
LN000984,10984,43036,21.59,2022-02-25,Fully Paid,104711,3 years,2023-01-21,2023-01-21,830.26,992.59
LN000985,10985,36617,11.24,2022-05-29,Current,76289,10+ years,2023-04-24,2023-04-22,1327.37,734.67
LN000986,10986,11681,18.21,2024-05-29,Current,136964,10+ years,2024-08-27,2024-08-25,1468.99,415.26
LN000987,10987,16772,23.01,2022-05-01,Fully Paid,113732,5 years,2022-11-27,2022-11-27,784.79,1052.37
LN000988,10988,7227,8.14,2023-02-11,Current,70216,10+ years,2024-02-06,2024-02-10,1489.4,1231.02
LN000989,10989,48957,17.85,2024-03-07,Current,125165,2 years,2025-01-31,2025-02-05,444.0,740.79
LN000990,10990,10415,8.2,2023-10-19,Late,158627,1 year,2023-11-18,2024-02-06,987.16,615.68
LN000991,10991,22938,18.49,2022-04-07,Default,72473,3 years,2022-12-03,,1499.95,0
LN000992,10992,33420,11.37,2022-05-09,Current,41645,10+ years,2023-02-03,2023-02-03,1140.89,786.4
LN000993,10993,30807,16.01,2023-07-04,Default,163959,3 years,2023-09-02,,922.68,0
LN000994,10994,43320,15.7,2024-04-18,Default,57529,1 year,2025-03-14,,1377.12,0
LN000995,10995,16840,21.52,2023-12-13,Current,170416,3 years,2024-06-10,2024-06-09,990.1,346.97
LN000996,10996,47771,8.9,2023-07-30,Current,34176,<1 year,2023-09-28,2023-09-30,953.31,736.27
LN000997,10997,32725,23.59,2023-11-05,Current,103800,<1 year,2024-08-01,2024-08-03,833.9,1090.99
LN000998,10998,42818,14.83,2022-11-17,In Grace Period,117305,5 years,2023-08-14,2023-08-15,1095.14,1125.52
LN000999,10999,7931,10.27,2022-07-12,Current,81416,1 year,2023-05-08,2023-05-09,632.87,1010.14
LN001000,11000,45783,13.6,2023-07-18,Current,125081,10+ years,2023-10-16,2023-10-20,1433.69,847.28
